,id,car_brand,car_model,car_photo,car_price,car_title,dealer_name,car_address,dealer_address,car_year,car_color,car_cylinderVolume,car_gear,car_door,car_mileage,car_fuel,LED_head,LED_daytime,LED_back,HID,SRS,TCS,LDW,auto_braking_sys,parking_camera,Sunroof,navi_sys,IVI_sys,electric_seat,cruise_sys,auto_AC,rear_seat_air,Keyless,HUD
0,101114580446,HINO,500,https://ct.yimg.com/xd/api/res/1.2/eX8sP0IkFcIAtU_TQyg7.w--/YXBwaWQ9eXR3YXVjdGlvbnNlcnZpY2U7aD0yNzA7cT04NTtyb3RhdGU9YXV0bztzcj0xLjI7c3M9MS4yO3c9MjE0/https://s.yimg.com/ob/image/1b55f5ab-6230-4309-bd56-5aaa9034a042.jpg,電洽,2021.01  HiNO 17噸吊卡 （五期環保） 代售：新車,['Y2321629960'],苗栗縣,['苗栗縣苗栗市水流娘7-5號'],2021,白,4800,手排,2,890,柴油,0,0,0,0,0,0,0,0,0,0,0,0,0,0,0,0,0,0
1,100488048378,MITSUBISHI,VERYCA,https://ct.yimg.com/xd/api/res/1.2/wq0W8p2n36D6o0n3YXsDgQ--/YXBwaWQ9eXR3YXVjdGlvbnNlcnZpY2U7aD0yNzA7cT04NTtyb3RhdGU9YXV0bztzcj0xLjI7c3M9MS4yO3c9MzYw/https://s.yimg.com/ob/image/491e2f0f-caf8-4e1b-8908-cf98df152381.jpg,電洽,歐力克 胖卡鷗翼 行動餐車@我最多餐車 我最多廣告宣傳車 耐操貨車 保養維修便宜,['歐力克~SAVE認証~實車實價'],彰化縣,['彰化縣福興鄉彰鹿路6段570-2號'],2001,紅,1200,手排,2,72587,汽油,0,0,0,0,0,0,0,0,0,0,0,0,0,0,0,0,0,0
2,101124747563,HYUNDAI,PORTER,https://ct.yimg.com/xd/api/res/1.2/zGbSEZyQTjDtnwM2N4I4GA--/YXBwaWQ9eXR3YXVjdGlvbnNlcnZpY2U7aD0yNzA7cT04NTtyb3RhdGU9YXV0bztzcj0xLjI7c3M9MS4yO3c9MzYw/https://s.yimg.com/ob/image/24786a23-97b1-4096-9544-a006cbdf0555.jpg,電洽,2014年現代小霸王貨車 里程少 柴油 渦輪 六輪 無待修 可全額貸款!!,['TACA連成汽車'],新北市,['新北市土城區金城路一段59-17號'],2014,藍,2200,手排,2,110000,柴油,0,0,0,0,0,0,0,0,0,0,0,0,0,0,0,0,0,0
3,101120435543,DODGE,PORTER,https://ct.yimg.com/xd/api/res/1.2/BwbSofu7AVaMnbL2Td3Mrw--/YXBwaWQ9eXR3YXVjdGlvbnNlcnZpY2U7aD0yNzA7cT04NTtyb3RhdGU9YXV0bztzcj0xLjI7c3M9MS4yO3c9MzYw/https://s.yimg.com/ob/image/d28e6501-954b-4d43-8d3e-0eb3f69700bb.jpg,電洽,*新泰汽車*道奇 RAM1500 LIMITED 正2021全新車#706975,['新泰汽車'],台南市,['台南市仁德區太子路735號'],2021,黑,4800,手自排,4,188,,0,0,0,0,0,0,0,0,0,0,0,0,0,0,0,0,0,0
4,101119340508,TOYOTA,ZACE,https://ct.yimg.com/xd/api/res/1.2/HafI3PhDtxAgCCD5oKNUYg--/YXBwaWQ9eXR3YXVjdGlvbnNlcnZpY2U7aD0yNzA7cT04NTtyb3RhdGU9YXV0bztzcj0xLjI7c3M9MS4yO3c9MzYw/https://s.yimg.com/ob/image/7e6d8462-9850-42b2-80f7-d44f450b604d.jpg,電洽,忠泰 2010 TOYOTA ZACE 貨車 後斗剛換新 會賺錢的車,['忠泰汽車-桃園30年老店'],桃園市,['桃園市桃園區經國路461號'],2006,藍,1500,手排,2,210000,汽油,0,0,0,0,0,0,0,0,0,0,0,0,0,0,0,0,0,0
5,101119291169,TOYOTA,TACOMA,https://ct.yimg.com/xd/api/res/1.2/DIoAX4mUql2rWDSVoQYrjw--/YXBwaWQ9eXR3YXVjdGlvbnNlcnZpY2U7aD0yNzA7cT04NTtyb3RhdGU9YXV0bztzcj0xLjI7c3M9MS4yO3c9MzMz/https://s.yimg.com/ob/image/c7441b86-2c5d-448e-b87d-3c0ef5886ca3.jpg,電洽,萬奇國際 2018年 TOYOTA TACOMA TRD PRO 3.5,['萬奇國際興奇汽車'],彰化縣,['彰化縣大村鄉中山路三段104-6號'],2018,藍,3300,手自排,5,90000,,0,0,0,0,0,0,0,0,0,0,0,0,0,0,0,0,0,0
6,101115841667,FORD,RANGER,https://ct.yimg.com/xd/api/res/1.2/bQvOybMy72a4eof.6GSf0g--/YXBwaWQ9eXR3YXVjdGlvbnNlcnZpY2U7aD0yNzA7cT04NTtyb3RhdGU9YXV0bztzcj0xLjI7c3M9MS4yO3c9MzYw/https://s.yimg.com/ob/image/9fdd645b-f90d-49cf-9edf-61e19e10eaaf.jpg,電洽,高雄高昇汽車 2017年 Ford Ranger 3.2 總代理（謝謝）,['高雄高昇汽車'],高雄市,['高雄市左營區高雄市左營區華夏路1475號'],2017,白,3300,手自排,4,5000,柴油,0,0,0,0,1,1,0,0,1,0,0,1,1,1,1,1,0,0
7,101114269389,MBENZ,RANGER,https://ct.yimg.com/xd/api/res/1.2/4DA7Xb.4AJTUKZoyRGMl4A--/YXBwaWQ9eXR3YXVjdGlvbnNlcnZpY2U7aD0yNzA7cT04NTtyb3RhdGU9YXV0bztzcj0xLjI7c3M9MS4yO3c9MzYw/https://s.yimg.com/ob/image/b02f98f5-3b23-46ad-ab4a-ec61b624b1ab.jpg,電洽,全新2020年 M-Benz SPRINTER 九人座新商旅好選擇,['德國歐馬 雙B旗艦總部'],台中市,['台中市南屯區環中路四段161號'],2020,藍,2200,自排,5,0,柴油,0,0,0,0,1,1,0,0,0,0,0,0,0,0,0,1,1,0
8,101114220851,FORD,RANGER,https://ct.yimg.com/xd/api/res/1.2/fsBsqgfYMVr3.5Qls3qqRg--/YXBwaWQ9eXR3YXVjdGlvbnNlcnZpY2U7aD0yNzA7cT04NTtyb3RhdGU9YXV0bztzcj0xLjI7c3M9MS4yO3c9MzYw/https://s.yimg.com/ob/image/987ce65f-e13c-42e3-93c6-964b099e50eb.jpg,電洽,2015年Ford ranger 3.2cc 柴油雙廂式貨卡員通4X4,['員通 4x4'],台中市,['台中市潭子區崇德路四段196號'],2015,銀,3300,手自排,5,112345,柴油,0,0,0,0,1,1,0,0,1,0,0,0,1,1,0,0,0,0
9,101114013112,TOYOTA,TUNDRA,https://ct.yimg.com/xd/api/res/1.2/mwPnTCp0W9e7HE13pzquuQ--/YXBwaWQ9eXR3YXVjdGlvbnNlcnZpY2U7aD0yNzA7cT04NTtyb3RhdGU9YXV0bztzcj0xLjI7c3M9MS4yO3c9MzYw/https://s.yimg.com/ob/image/58c7c304-63eb-463d-8729-e11cc0f1a0b8.jpg,電洽,2018年Tundra  off-road版 跟車 翩移 防碰撞員通4X4,['員通 4x4'],台中市,['台中市潭子區崇德路四段196號'],2018,黑,4800,手自排,5,24567,汽油,1,1,1,1,1,1,1,1,1,1,1,1,1,1,1,1,1,1
10,101114011227,TOYOTA,TACOMA,https://ct.yimg.com/xd/api/res/1.2/6XrdtDAsgGgqYawn474YJg--/YXBwaWQ9eXR3YXVjdGlvbnNlcnZpY2U7aD0yNzA7cT04NTtyb3RhdGU9YXV0bztzcj0xLjI7c3M9MS4yO3c9MzYw/https://s.yimg.com/ob/image/b2ee8e3c-b8e4-4cb6-affe-670b237d9299.jpg,電洽,2018年Tacoma off-road 版 跟車 翩移 防碰撞員通4X4,['員通 4x4'],台中市,['台中市潭子區崇德路四段196號'],2018,白,3300,手自排,5,15088,汽油,1,1,1,0,1,1,1,1,1,0,0,0,0,1,0,0,1,0
11,101113944508,FORD,RANGER,https://ct.yimg.com/xd/api/res/1.2/SyDvOH4Z21lxa4bn.nff8g--/YXBwaWQ9eXR3YXVjdGlvbnNlcnZpY2U7aD0yNTE7cT04NTtyb3RhdGU9YXV0bztzcj0xLjI7c3M9MS4yO3c9MzYw/https://s.yimg.com/ob/image/d48baa67-88bd-49ff-84cc-7442932ac8d1.jpg,電洽,易宏SAVE 正2018 福特 Ranger 貨卡 3.2 後箱蓋 4WD,['易宏汽車SAVE認證'],新北市,['新北市三重區重陽路三段8號'],2018,灰,3300,手自排,4,58000,柴油,0,1,1,0,1,1,0,1,1,0,1,1,1,1,1,0,0,0
12,101112018834,FORD,RANGER,https://ct.yimg.com/xd/api/res/1.2/m9xJqMz2z4ikYi8uXeim7w--/YXBwaWQ9eXR3YXVjdGlvbnNlcnZpY2U7aD0yMzk7cT04NTtyb3RhdGU9YXV0bztzcj0xLjI7c3M9MS4yO3c9MzYw/https://s.yimg.com/ob/image/fd9f7732-c648-4adf-a6b8-065a0aeddf5c.jpg,電洽,~已收訂~2019年 RANGER 僅跑2萬km 運動版頂級旗艦 原廠保固,['祐昌汽車'],新北市,['新北市五股區四維路28號'],2019,白,2200,自手排,4,20600,柴油,1,1,1,0,1,1,1,1,1,0,1,1,1,1,1,1,1,1
13,101110621006,MITSUBISHI,DELICA,https://ct.yimg.com/xd/api/res/1.2/cgbjqUakoBbCM4wI3u7PSg--/YXBwaWQ9eXR3YXVjdGlvbnNlcnZpY2U7aD0yNzA7cT04NTtyb3RhdGU9YXV0bztzcj0xLjI7c3M9MS4yO3c9MzYw/https://s.yimg.com/ob/image/2c8d607b-6f3b-463e-a726-b702a008263d.jpg,電洽,2015年得利卡貨車 2.4L 昇降篷式 冷氣冷 無待修 可全額貸款!!,['TACA連成汽車'],新北市,['新北市土城區金城路一段59-17號'],2015,藍,2200,手排,2,130000,汽油,1,1,1,0,1,1,1,1,1,0,1,1,1,1,1,1,1,1
14,101110617906,MITSUBISHI,CANTER,https://ct.yimg.com/xd/api/res/1.2/iBkkEn_28KMeIsbVdy514w--/YXBwaWQ9eXR3YXVjdGlvbnNlcnZpY2U7aD0yNzA7cT04NTtyb3RhdGU9YXV0bztzcj0xLjI7c3M9MS4yO3c9MzYw/https://s.yimg.com/ob/image/aa0f63cd-4c43-40f2-9d02-6bc7c54eaba2.jpg,電洽,堅逹貨車 舉斗車 白鉄底板 柴油 渦輪 六輪 冷氣冷 可長途 !!,['TACA連成汽車'],新北市,['新北市土城區金城路一段59-17號'],2001,藍,2600,手排,2,260000,柴油,1,1,1,0,1,1,1,1,1,0,1,1,1,1,1,1,1,1
15,101110455232,MBENZ,CANTER,https://ct.yimg.com/xd/api/res/1.2/ui8oUkQEeq4D_JTmk.zDzg--/YXBwaWQ9eXR3YXVjdGlvbnNlcnZpY2U7aD0yNzA7cT04NTtyb3RhdGU9YXV0bztzcj0xLjI7c3M9MS4yO3c9MzYw/https://s.yimg.com/ob/image/9e21aeb8-5c5c-4f1d-9373-573b15ca1e1f.jpg,電洽,賓士-MARCO POLO，自走式豪華露營車，馬可波羅，實車在店！！！,['德國歐馬 雙B旗艦總部'],台中市,['台中市南屯區環中路四段161號'],2019,藍,2200,手自排,4,15000,柴油,1,1,1,0,1,1,1,1,1,0,0,0,0,1,1,1,0,0
16,101110278575,TOYOTA,TACOMA,https://ct.yimg.com/xd/api/res/1.2/SDEY0qP22OkG27eDRiJ8qA--/YXBwaWQ9eXR3YXVjdGlvbnNlcnZpY2U7aD0yNzA7cT04NTtyb3RhdGU9YXV0bztzcj0xLjI7c3M9MS4yO3c9MzQy/https://s.yimg.com/ob/image/f26089b5-ad22-421c-800e-eeb8fe17371d.jpg,電洽,萬奇國際 2019年 TOYOTA TACOMA TRD PRO 3.5,['萬奇國際興奇汽車'],彰化縣,['彰化縣大村鄉中山路三段104-6號'],2019,白,3300,手自排,5,800,,1,1,1,0,1,1,1,1,1,0,0,0,0,1,1,1,0,0
17,101109861924,MITSUBISHI,VERYCA,https://ct.yimg.com/xd/api/res/1.2/yzAEH.5sNj50SFN4Lxr1AQ--/YXBwaWQ9eXR3YXVjdGlvbnNlcnZpY2U7aD0yNjA7cT04NTtyb3RhdGU9YXV0bztzcj0xLjI7c3M9MS4yO3c9MzYw/https://s.yimg.com/ob/image/8674eaa1-8198-4855-aba5-26f99321b266.jpg,電洽,鷗翼餐車2014年中華菱利鷗翼 手排,['歐力克~SAVE認証~實車實價'],彰化縣,['彰化縣福興鄉彰鹿路6段570-2號'],2014,白,1500,手排,2,69382,汽油,1,1,1,0,1,1,1,1,1,0,0,0,0,1,1,1,0,0
18,101109853976,HYUNDAI,GRANDSTAREX,https://ct.yimg.com/xd/api/res/1.2/qJN0Gz1mJSDhmz4q8TmodA--/YXBwaWQ9eXR3YXVjdGlvbnNlcnZpY2U7aD0yNzA7cT04NTtyb3RhdGU9YXV0bztzcj0xLjI7c3M9MS4yO3c9MzYw/https://s.yimg.com/ob/image/a34acfb1-0f17-43ff-93d2-93fe931898fe.jpg,電洽,客戶換車、隨便賣！出價就賣〞現代 Starex 2.5 史塔瑞斯（頂級九人座商旅,['Y4037156782'],新北市,['新北市八里區中山路二段3號(7-11海神門市..正對面'],2009,銀,2600,手自排,5,123456,汽油,1,1,1,1,1,1,0,0,1,0,0,1,0,0,1,1,0,1
19,101104348845,MITSUBISHI,VERYCA,https://ct.yimg.com/xd/api/res/1.2/.fL0zISxr3rAvjQquB9HeA--/YXBwaWQ9eXR3YXVjdGlvbnNlcnZpY2U7aD0yNzA7cT04NTtyb3RhdGU9YXV0bztzcj0xLjI7c3M9MS4yO3c9MzYw/https://s.yimg.com/ob/image/8bbed551-3509-4430-8153-debee1a43910.jpg,電洽,2012年菱利冷凍車 -25度C 無事故 原鈑件 實跑里程,['晟昇汽車 優質進口 國產汽車'],新北市,['新北市樹林區中正路441-6號'],2012,藍,1200,手排,2,170000,,1,1,1,1,1,1,0,0,1,0,0,1,0,0,1,1,0,1
20,101104346210,MITSUBISHI,DELICA,https://ct.yimg.com/xd/api/res/1.2/wtdWSObc5l.B850AVRNWdg--/YXBwaWQ9eXR3YXVjdGlvbnNlcnZpY2U7aD0yNzA7cT04NTtyb3RhdGU9YXV0bztzcj0xLjI7c3M9MS4yO3c9MzYw/https://s.yimg.com/ob/image/0a460618-1d26-4d1e-8b27-fa9af444cfd0.jpg,電洽,2016年得利卡 冷凍車-5度C 實跑11萬公里 無事故 原鈑件,['晟昇汽車 優質進口 國產汽車'],新北市,['新北市樹林區中正路441-6號'],2016,藍,2200,手排,2,110000,汽油,1,1,1,1,1,1,0,0,1,0,0,1,0,0,1,1,0,1
21,101101130580,VOLKSWAGEN,AMAROK,https://ct.yimg.com/xd/api/res/1.2/Wo4Nv_YY3Q2dUD1v38.N1g--/YXBwaWQ9eXR3YXVjdGlvbnNlcnZpY2U7aD0yNzA7cT04NTtyb3RhdGU9YXV0bztzcj0xLjI7c3M9MS4yO3c9MzYw/https://s.yimg.com/ob/image/1a344c12-4f39-4d64-9062-a345c4bdbc9b.jpg,電洽,鴻騏 2018 VW Amarok Highline 原鈑件 原廠保養 保固中,['SUM鴻騏汽車'],彰化縣,['彰化縣花壇鄉中山路二段252號'],2018,黑,2600,手自排,4,85496,柴油,0,0,0,1,0,1,0,0,1,0,0,1,0,1,1,0,0,0
22,101100764987,MITSUBISHI,CANTER,https://ct.yimg.com/xd/api/res/1.2/CrtFz4F3OwQdihPrmNqZDA--/YXBwaWQ9eXR3YXVjdGlvbnNlcnZpY2U7aD0yNDA7cT04NTtyb3RhdGU9YXV0bztzcj0xLjI7c3M9MS4yO3c9MzYw/https://s.yimg.com/ob/image/4c941d5e-4f50-4cc6-a426-9fc094666713.jpg,電洽,2007型BENZ VIANO 7人座~置頂螢幕~電滑門~只跑7萬公里~保證里程,['博可達汽車*SAVE認證車'],新北市,['新北市新莊區思源路128巷(進入到底左轉旁邊).周ㄖ請預約賞車'],2006,銀,4800,手自排,4,71000,汽油,0,0,0,0,0,1,0,0,0,1,1,1,1,1,1,1,0,0
23,101098340039,FORD,RANGER,https://ct.yimg.com/xd/api/res/1.2/0DXIFolJJPDyf4zIRgbriw--/YXBwaWQ9eXR3YXVjdGlvbnNlcnZpY2U7aD0yNDg7cT04NTtyb3RhdGU9YXV0bztzcj0xLjI7c3M9MS4yO3c9MzYw/https://s.yimg.com/ob/image/22c4f48c-1713-4e8a-a6ee-8f2aa781b223.jpg,電洽,謝謝賞車,['SUM鴻騏汽車'],彰化縣,['彰化縣花壇鄉中山路二段252號'],2019,灰,2200,手自排,4,25932,柴油,0,0,0,1,0,1,1,0,1,0,1,1,1,1,1,1,1,0
24,101097077063,MITSUBISHI,VERYCA,https://ct.yimg.com/xd/api/res/1.2/aerRSYdrtj_qs3LTrpuhaA--/YXBwaWQ9eXR3YXVjdGlvbnNlcnZpY2U7aD0yNzA7cT04NTtyb3RhdGU9YXV0bztzcj0xLjI7c3M9MS4yO3c9MzYw/https://s.yimg.com/ob/image/358cf8fc-1416-403a-a48a-eb28be0e556b.jpg,電洽,2018年 中華菱利 低里程 僅跑一萬🔥賺錢車 🔥省油有力 🔥五速手排,['皇駒國際汽車'],桃園市,['桃園市桃園區中山路724號'],2018,白,1500,手排,2,12000,汽油,0,0,0,1,0,1,1,0,1,0,1,1,1,1,1,1,1,0
25,101095478025,MITSUBISHI,VERYCA,https://ct.yimg.com/xd/api/res/1.2/gMCAgbtKHV1zWnGRHuBI_Q--/YXBwaWQ9eXR3YXVjdGlvbnNlcnZpY2U7aD0yNzA7cT04NTtyb3RhdGU9YXV0bztzcj0xLjI7c3M9MS4yO3c9MzYw/https://s.yimg.com/ob/image/b8dce315-392f-41f7-ad75-0f7b12f051cb.jpg,電洽,2016年菱利貨車1.3L 三面帆 無待修 可長途 全額貸款!!,['TACA連成汽車'],新北市,['新北市土城區金城路一段59-17號'],2016,藍,1500,手排,2,160000,汽油,0,0,0,1,0,1,1,0,1,0,1,1,1,1,1,1,1,0
26,101091521113,MITSUBISHI,VERYCA,https://ct.yimg.com/xd/api/res/1.2/M.0mDrSHNvAESiZaB0G2pA--/YXBwaWQ9eXR3YXVjdGlvbnNlcnZpY2U7aD0yNzA7cT04NTtyb3RhdGU9YXV0bztzcj0xLjI7c3M9MS4yO3c9Mjk1/https://s.yimg.com/ob/image/9f1a3e74-64a5-4ce6-a2d3-2a9c43885d13.jpg,電洽,鷗翼餐車2001年中華菱利鷗翼 手排,['歐力克~SAVE認証~實車實價'],彰化縣,['彰化縣福興鄉彰鹿路6段570-2號'],2001,白,1200,手排,2,52241,,0,0,0,1,0,1,1,0,1,0,1,1,1,1,1,1,1,0
27,101090632681,ISUZU,VERYCA,https://ct.yimg.com/xd/api/res/1.2/cCopnmD0sSp_jWIS9YfFqQ--/YXBwaWQ9eXR3YXVjdGlvbnNlcnZpY2U7aD0yNzA7cT04NTtyb3RhdGU9YXV0bztzcj0xLjI7c3M9MS4yO3c9MzYw/https://s.yimg.com/ob/image/bf77ae85-517e-482b-9492-67aeb2420d7a.jpg,電洽,連成汽車 2017年ISUZU3.0 貨車 長軸 保溫廂 低里程 可客制化,['TACA連成汽車'],新北市,['新北市土城區金城路一段59-17號'],2017,白,2600,手排,2,70000,柴油,0,0,0,1,0,1,1,0,1,0,1,1,1,1,1,1,1,0
28,101081672977,TOYOTA,TACOMA,https://ct.yimg.com/xd/api/res/1.2/9g_Jbhqu5jJnOZsQWlYvIQ--/YXBwaWQ9eXR3YXVjdGlvbnNlcnZpY2U7aD0yNzA7cT04NTtyb3RhdGU9YXV0bztzcj0xLjI7c3M9MS4yO3c9MzYw/https://s.yimg.com/ob/image/b0c71022-dbe1-4c9e-83e6-79f2d5a472b1.jpg,電洽,天龍國際 2021 tacoma off road 即將到港,['天龍吉普車'],新竹市,['新竹市東區公道五路三段699之一號'],2021,灰,3300,手自排,4,8,,0,0,0,1,0,1,1,0,1,0,1,1,1,1,1,1,1,0
29,101078713316,MITSUBISHI,CANTER,https://ct.yimg.com/xd/api/res/1.2/iHKQ84dSBP4jykI2ov815Q--/YXBwaWQ9eXR3YXVjdGlvbnNlcnZpY2U7aD0yNzA7cT04NTtyb3RhdGU9YXV0bztzcj0xLjI7c3M9MS4yO3c9MzYw/https://s.yimg.com/ob/image/1624fd0b-4d23-47ab-a687-a89bb430db21.jpg,電洽,連成汽車 2014年堅逹貨車 14.5呎框式 雙芯尾門 雙側柵欄 可全額貸款!!,['TACA連成汽車'],新北市,['新北市土城區金城路一段59-17號'],2014,白,2600,手排,2,888888,柴油,0,0,0,1,0,1,1,0,1,0,1,1,1,1,1,1,1,0
30,101073820441,MITSUBISHI,VERYCA,https://ct.yimg.com/xd/api/res/1.2/sxl7WhCUBtSVsim5Ghjnlw--/YXBwaWQ9eXR3YXVjdGlvbnNlcnZpY2U7aD0yNzA7cT04NTtyb3RhdGU9YXV0bztzcj0xLjI7c3M9MS4yO3c9MzYw/https://s.yimg.com/ob/image/ecd14436-60f2-4dfb-9673-b453c9e564ec.jpg,電洽,2019 中華三菱 菱利貨車 1.5冷凍平廂 發財車 金帝,['金帝汽車 經濟好車'],新北市,['新北市泰山區新北大道五段56-1號(靠近泰山捷運站)'],2019,白,1500,手排,2,23000,,0,0,0,1,0,1,1,0,1,0,1,1,1,1,1,1,1,0
31,101073812919,MITSUBISHI,DELICA,https://ct.yimg.com/xd/api/res/1.2/XKklrSpB087YrMoGS8ynNw--/YXBwaWQ9eXR3YXVjdGlvbnNlcnZpY2U7aD0yNzA7cT04NTtyb3RhdGU9YXV0bztzcj0xLjI7c3M9MS4yO3c9MzYw/https://s.yimg.com/ob/image/6080330a-19a2-4feb-a832-645e6d4f56f4.jpg,電洽,2017 中華三菱 得利卡 冷凍箱子 尾門  里程保證 金帝,['金帝汽車 經濟好車'],新北市,['新北市泰山區新北大道五段56-1號(靠近泰山捷運站)'],2017,白,2200,手排,2,13800,,0,0,0,1,0,1,1,0,1,0,1,1,1,1,1,1,1,0
32,101064386033,TOYOTA,TACOMA,https://ct.yimg.com/xd/api/res/1.2/Z9bWd17tUQRhC3Bk5OvlkQ--/YXBwaWQ9eXR3YXVjdGlvbnNlcnZpY2U7aD0yNzA7cT04NTtyb3RhdGU9YXV0bztzcj0xLjI7c3M9MS4yO3c9MzYw/https://s.yimg.com/ob/image/05511c3a-47a6-4d04-8081-d51d638ddd33.jpg,電洽,KR4X4 2021 TACOMA TRD off-road  黑色,['KR4X4美國TOYOT4X4'],台中市,['台中市沙鹿區中山路557-9號'],2021,白,3300,自手排,4,15,汽油,0,1,1,0,1,1,1,1,1,1,1,1,1,1,1,0,1,1
33,101062867315,TOYOTA,TACOMA,https://ct.yimg.com/xd/api/res/1.2/6fLyNR_wH.2PiFUE7IKS3Q--/YXBwaWQ9eXR3YXVjdGlvbnNlcnZpY2U7aD0yNzA7cT04NTtyb3RhdGU9YXV0bztzcj0xLjI7c3M9MS4yO3c9MzYw/https://s.yimg.com/ob/image/a8bd9a16-b355-411a-8901-5d0e5864ac87.jpg,電洽,KR4X4 2021 TACOMA TRD 白色 缸內直噴引擎 (現車）,['KR4X4美國TOYOT4X4'],台中市,['台中市沙鹿區中山路557-9號'],2021,白,3300,自手排,4,25,汽油,0,1,1,0,1,1,1,1,1,1,1,1,1,1,1,0,1,0
34,101056800059,MITSUBISHI,VERYCA,https://ct.yimg.com/xd/api/res/1.2/jw2b0TXNtBSGGYdzhY85Dw--/YXBwaWQ9eXR3YXVjdGlvbnNlcnZpY2U7aD0yNzA7cT04NTtyb3RhdGU9YXV0bztzcj0xLjI7c3M9MS4yO3c9MjAy/https://s.yimg.com/ob/image/f0ef22e1-6c86-44fc-96f5-e8ee5575b51e.jpg,電洽,鹿港歐力克 胖卡餐車 出租/改裝/買賣 合法驗車 現場多部 行動餐車/行動咖啡車,['歐力克~SAVE認証~實車實價'],彰化縣,['彰化縣福興鄉彰鹿路6段570-2號'],2010,其它顏色,1200,手排,2,96431,,0,1,1,0,1,1,1,1,1,1,1,1,1,1,1,0,1,0
35,101056770113,MITSUBISHI,VERYCA,https://ct.yimg.com/xd/api/res/1.2/Cx1pQzFIwqJkmIBZT30Y4w--/YXBwaWQ9eXR3YXVjdGlvbnNlcnZpY2U7aD0yNzA7cT04NTtyb3RhdGU9YXV0bztzcj0xLjI7c3M9MS4yO3c9MjAy/https://s.yimg.com/ob/image/15ebc464-3345-4293-a41d-ac7292dd164b.jpg,電洽,鹿港歐力克 胖卡餐車 出租/改裝/買賣 合法驗車 現場多部 行動餐車/行動咖啡車,['歐力克~SAVE認証~實車實價'],彰化縣,['彰化縣福興鄉彰鹿路6段570-2號'],2005,其它顏色,1200,自排,5,152303,,0,1,1,0,1,1,1,1,1,1,1,1,1,1,1,0,1,0
36,101056751221,SUZUKI,,https://ct.yimg.com/xd/api/res/1.2/t8LTxdm4gvrJ11WTDJNQLA--/YXBwaWQ9eXR3YXVjdGlvbnNlcnZpY2U7aD0yNzA7cT04NTtyb3RhdGU9YXV0bztzcj0xLjI7c3M9MS4yO3c9MzYw/https://s.yimg.com/ob/image/154ab44e-c5be-473a-85b8-1646e310ce05.jpg,電洽,鷗翼餐車2004年鈴木 馬上發鷗翼,['歐力克~SAVE認証~實車實價'],彰化縣,['彰化縣福興鄉彰鹿路6段570-2號'],2004,其它顏色,1500,手排,2,119370,,0,1,1,0,1,1,1,1,1,1,1,1,1,1,1,0,1,0
37,101053411538,FORD,F150,https://ct.yimg.com/xd/api/res/1.2/U7g9NAG2UAoIZkuXB6Gs1g--/YXBwaWQ9eXR3YXVjdGlvbnNlcnZpY2U7aD0yNzA7cT04NTtyb3RhdGU9YXV0bztzcj0xLjI7c3M9MS4yO3c9Mjc4/https://s.yimg.com/ob/image/daee0718-975c-4eaa-bb49-e9d21df5b7f7.jpg,電洽,2021 FORD F150      上源汽車 專業外匯進口,['桃園 上源汽車 專業外匯進口'],桃園市,['桃園市桃園區國際路二段361-1號'],2021,白,3300,手自排,4,119,汽油,1,1,1,0,0,1,1,1,1,0,0,0,1,1,1,1,1,0
38,101052825329,MITSUBISHI,VERYCA,https://ct.yimg.com/xd/api/res/1.2/mCpVIF8RkVMdEeuDqF_hgQ--/YXBwaWQ9eXR3YXVjdGlvbnNlcnZpY2U7aD0yNDA7cT04NTtyb3RhdGU9YXV0bztzcj0xLjI7c3M9MS4yO3c9MzYw/https://s.yimg.com/ob/image/82de4ba3-3aee-46aa-8e67-c85de7e24679.jpg,電洽,鷗翼餐車 白鐵設備 抽油煙機 透明冷藏展示櫃 多處置物空間,['歐力克~SAVE認証~實車實價'],彰化縣,['彰化縣福興鄉彰鹿路6段570-2號'],2001,其它顏色,1200,手排,2,143516,汽油,1,1,1,0,0,1,1,1,1,0,0,0,1,1,1,1,1,0
39,101035131139,MITSUBISHI,CANTER,https://ct.yimg.com/xd/api/res/1.2/O4EHC.WDCMGtcPOWKxto4w--/YXBwaWQ9eXR3YXVjdGlvbnNlcnZpY2U7aD0yNzA7cT04NTtyb3RhdGU9YXV0bztzcj0xLjI7c3M9MS4yO3c9MzYw/https://s.yimg.com/ob/image/9017408a-2afc-4a8d-8eda-0d062ef42777.jpg,電洽,TACA連成汽車 2010年新堅逹貨車 11.5呎 框式尾門 可全額貸款,['TACA連成汽車'],新北市,['新北市土城區金城路一段59-17號'],2010,藍,2600,手排,2,300000,柴油,1,1,1,0,0,1,1,1,1,0,0,0,1,1,1,1,1,0
40,101026458404,ISUZU,CANTER,https://ct.yimg.com/xd/api/res/1.2/3pe3y1gaI72Z_lpaYzmZaw--/YXBwaWQ9eXR3YXVjdGlvbnNlcnZpY2U7aD0yNzA7cT04NTtyb3RhdGU9YXV0bztzcj0xLjI7c3M9MS4yO3c9MzYw/https://s.yimg.com/ob/image/a01fbc8c-1a21-4a6d-8e4b-9be8a846b19b.jpg,電洽,連成汽車 2009年五十鈴貨車 廂式尾門 雙側開門 跑少 無待修 可全額貸款,['TACA連成汽車'],新北市,['新北市土城區金城路一段59-17號'],2009,白,2600,自排,2,200000,柴油,1,1,1,0,0,1,1,1,1,0,0,0,1,1,1,1,1,0
41,101016168770,MITSUBISHI,DELICA,https://ct.yimg.com/xd/api/res/1.2/AqmytLfkBb11Vi.Z.A6MFQ--/YXBwaWQ9eXR3YXVjdGlvbnNlcnZpY2U7aD0yNzA7cT04NTtyb3RhdGU9YXV0bztzcj0xLjI7c3M9MS4yO3c9MzYw/https://s.yimg.com/ob/image/8c654606-d02d-4a10-af3a-3e0502143d14.jpg,電洽,連成汽車 2015年新得利卡貨車 2.4  框式 冷氣冷 無待修 可全額貸,['TACA連成汽車'],新北市,['新北市土城區金城路一段59-17號'],2015,藍,2200,手排,2,200000,汽油,1,1,1,0,0,1,1,1,1,0,0,0,1,1,1,1,1,0
42,100978961033,MITSUBISHI,VERYCA,https://ct.yimg.com/xd/api/res/1.2/Yd8UUkNO28aTSeIexW6f.A--/YXBwaWQ9eXR3YXVjdGlvbnNlcnZpY2U7aD0yNDA7cT04NTtyb3RhdGU9YXV0bztzcj0xLjI7c3M9MS4yO3c9MzYw/https://s.yimg.com/ob/image/aca7ef71-a48f-405c-aec9-7cab82bb0ac0.jpg,電洽,鷗翼餐車 2015 中華 菱利1.3 鹿港歐力克 餐車專賣店 現場多部餐車可挑選,['歐力克~SAVE認証~實車實價'],彰化縣,['彰化縣福興鄉彰鹿路6段570-2號'],2015,白,1500,手排,2,104728,汽油,1,1,1,0,0,1,1,1,1,0,0,0,1,1,1,1,1,0
43,100978566149,FORD,F150,https://ct.yimg.com/xd/api/res/1.2/EPgxkfOCvFdgL7dUFxmV1Q--/YXBwaWQ9eXR3YXVjdGlvbnNlcnZpY2U7aD0yNDA7cT04NTtyb3RhdGU9YXV0bztzcj0xLjI7c3M9MS4yO3c9MzYw/https://s.yimg.com/ob/image/bfabca26-713b-4e6c-8d4e-c606b1217c41.jpg,電洽,2021 FORD F150      上源汽車 專業外匯進口,['桃園 上源汽車 專業外匯進口'],桃園市,['桃園市桃園區國際路二段361-1號'],2021,黑,3300,手自排,4,119,汽油,1,1,1,0,0,1,1,1,1,1,0,0,1,1,1,1,1,0
44,100856972245,MITSUBISHI,CANTER,https://ct.yimg.com/xd/api/res/1.2/Ng.qeTATTcvPpFEWSoS0lg--/YXBwaWQ9eXR3YXVjdGlvbnNlcnZpY2U7aD0yNzA7cT04NTtyb3RhdGU9YXV0bztzcj0xLjI7c3M9MS4yO3c9MTkx/https://s.yimg.com/ob/image/dfc6dedc-8ada-47ec-a632-b92fc9a4f6cb.jpg,電洽,全新FUSO堅達PRO5噸Canter,['Y3976016413'],桃園市,['桃園市蘆竹區南崁路一段'],2021,藍,2600,手排,2,10,柴油,1,1,1,0,0,1,1,1,1,1,0,0,1,1,1,1,1,0
45,100848738112,MITSUBISHI,CANTER,https://ct.yimg.com/xd/api/res/1.2/m_FAU4AVCkj08zrMExKlAw--/YXBwaWQ9eXR3YXVjdGlvbnNlcnZpY2U7aD0yNzA7cT04NTtyb3RhdGU9YXV0bztzcj0xLjI7c3M9MS4yO3c9MzYw/https://s.yimg.com/ob/image/38daef78-0f07-4267-bac9-ce59ad5f1188.jpg,電洽,2009年堅逹全新舉斗 柴油 渦輪 六輪 無待修 保固中 可全額貸,['TACA連成汽車'],新北市,['新北市土城區金城路一段59-17號'],2009,白,2600,手排,2,260000,柴油,1,1,1,0,0,1,1,1,1,1,0,0,1,1,1,1,1,0
46,100839554758,ISUZU,CANTER,https://ct.yimg.com/xd/api/res/1.2/OiauSW0B16om5o0z55umlA--/YXBwaWQ9eXR3YXVjdGlvbnNlcnZpY2U7aD0yNzA7cT04NTtyb3RhdGU9YXV0bztzcj0xLjI7c3M9MS4yO3c9MjAz/https://s.yimg.com/ob/image/dc817478-a0c1-4238-9275-739b5a00e13e.jpg,電洽,ISUZU五十鈴，5～17噸貨車（挑戰最低價）,['Y2991504163'],台中市,['台中市西屯區工業區'],2021,白,3300,手排,2,10,柴油,1,1,1,0,0,1,1,1,1,1,0,0,1,1,1,1,1,0
47,100837111050,TOYOTA,TACOMA,https://ct.yimg.com/xd/api/res/1.2/VbNtn_wryI4Cqcbrl_E7WQ--/YXBwaWQ9eXR3YXVjdGlvbnNlcnZpY2U7aD0yNzA7cT04NTtyb3RhdGU9YXV0bztzcj0xLjI7c3M9MS4yO3c9MzYw/https://s.yimg.com/ob/image/2ac393c8-7c44-4d09-be62-ad80291ba9e6.jpg,電洽,現車 2021 TACOMA TRD JBL 最高等級 (KR4X4) 皮卡貨卡,['KR4X4美國TOYOT4X4'],台中市,['台中市沙鹿區中山路557-9號'],2021,灰,3300,自手排,4,18,汽油,1,1,1,0,1,1,1,1,1,1,1,1,1,1,1,0,1,1
48,100764436087,MITSUBISHI,VERYCA,https://ct.yimg.com/xd/api/res/1.2/0TYEkxUWInzxqCiaGYoQKA--/YXBwaWQ9eXR3YXVjdGlvbnNlcnZpY2U7aD0yNDY7cT04NTtyb3RhdGU9YXV0bztzcj0xLjI7c3M9MS4yO3c9MzYw/https://s.yimg.com/ob/image/85a32b27-a138-4ecb-9079-25ab83df7b4a.jpg,電洽,歐力克 T1胖卡 2部廂型合法8人座 職人專賣 行車餐車 行動咖啡車 廣告宣傳車,['歐力克~SAVE認証~實車實價'],彰化縣,['彰化縣福興鄉彰鹿路6段570-2號'],2015,綠,1500,手排,5,177240,汽油,0,0,0,0,0,0,0,0,0,0,0,0,0,0,1,1,0,0
49,100727111970,TOYOTA,TACOMA,https://ct.yimg.com/xd/api/res/1.2/TIBUu7qpjrcBOfRgZtTzFw--/YXBwaWQ9eXR3YXVjdGlvbnNlcnZpY2U7aD0yNzA7cT04NTtyb3RhdGU9YXV0bztzcj0xLjI7c3M9MS4yO3c9MzYw/https://s.yimg.com/ob/image/f122df70-5747-4ace-83bf-24487430551a.jpg,電洽,KR4X4 2021 TACOMA TRD FOX 狐狸 皮卡貨卡 現車,['KR4X4美國TOYOT4X4'],台中市,['台中市沙鹿區中山路557-9號'],2021,黑,3300,自手排,4,11,汽油,1,1,1,0,1,1,1,1,1,1,1,1,1,1,1,1,1,1
50,100685416940,FORD,PRONTOPRZ,https://ct.yimg.com/xd/api/res/1.2/aBT9Vf4AqZ0KLBkTZYVjsA--/YXBwaWQ9eXR3YXVjdGlvbnNlcnZpY2U7aD0yNDM7cT04NTtyb3RhdGU9YXV0bztzcj0xLjI7c3M9MS4yO3c9MzYw/https://s.yimg.com/ob/image/05d15153-8699-4d1f-a0cc-83df4117911b.jpg,電洽,鹿港歐力克 胖卡餐車 出租/改裝/買賣 合法驗車 現場多部 行動餐車/行動咖啡車,['歐力克~SAVE認証~實車實價'],彰化縣,['彰化縣福興鄉彰鹿路6段570-2號'],2001,黃,1200,手排,5,154085,汽油,0,0,0,0,0,0,0,0,0,0,0,0,0,0,1,1,0,0
51,100566772630,TOYOTA,TUNDRA,https://ct.yimg.com/xd/api/res/1.2/nKjzLmG5ixy0TlV2xdBe8w--/YXBwaWQ9eXR3YXVjdGlvbnNlcnZpY2U7aD0yNzA7cT04NTtyb3RhdGU9YXV0bztzcj0xLjI7c3M9MS4yO3c9MzYw/https://s.yimg.com/ob/image/9eceee52-e247-4cab-a061-294f51a129de.jpg,電洽,Jeep Gladiator  Rubicon 角鬥士 上源汽車 專業外匯進口,['桃園 上源汽車 專業外匯進口'],桃園市,['桃園市桃園區國際路二段361-1號'],2021,黑,4800,自手排,4,119,汽油,1,0,1,0,0,1,0,1,1,0,0,1,0,1,1,1,1,0
52,100565331232,FORD,F150,https://ct.yimg.com/xd/api/res/1.2/r5y5lmGcVdA.r6BROqCqTw--/YXBwaWQ9eXR3YXVjdGlvbnNlcnZpY2U7aD0yNzA7cT04NTtyb3RhdGU9YXV0bztzcj0xLjI7c3M9MS4yO3c9MzYw/https://s.yimg.com/ob/image/e8cb44a7-d8d8-4d9b-af1e-0f352caebec8.jpg,電洽,2021 FORD  F-150 Platinum 白金上源汽車 專業外匯進口,['桃園 上源汽車 專業外匯進口'],桃園市,['桃園市桃園區國際路二段361-1號'],2021,黑,3300,手自排,4,120,汽油,1,1,1,0,1,1,1,1,1,1,0,0,1,1,1,1,1,0
53,100558994238,FORD,F150,https://ct.yimg.com/xd/api/res/1.2/zGVIcLSNSMz6QC2vS8jZEg--/YXBwaWQ9eXR3YXVjdGlvbnNlcnZpY2U7aD0yNzA7cT04NTtyb3RhdGU9YXV0bztzcj0xLjI7c3M9MS4yO3c9Mjc2/https://s.yimg.com/ob/image/6913b482-e95b-4798-96f6-8d1b0478085c.jpg,電洽,全新2021  FORD F150   Raptor 猛禽  上源汽車 專業進口,['桃園 上源汽車 專業外匯進口'],桃園市,['桃園市桃園區國際路二段361-1號'],2021,其它顏色,3300,手自排,4,115,汽油,1,1,1,0,1,1,1,1,1,1,0,1,1,1,1,1,1,0
54,100558945348,FORD,F150,https://ct.yimg.com/xd/api/res/1.2/6DqaUwk9gtCsG8PGnVJZpg--/YXBwaWQ9eXR3YXVjdGlvbnNlcnZpY2U7aD0yNzA7cT04NTtyb3RhdGU9YXV0bztzcj0xLjI7c3M9MS4yO3c9MzYw/https://s.yimg.com/ob/image/8dac6c30-87e7-4f67-8d27-7cb9f1a89e33.jpg,電洽,Jeep  Wrangler Rubicon 牧馬人3.6L,['桃園 上源汽車 專業外匯進口'],桃園市,['桃園市桃園區國際路二段361-1號'],2020,黑,2200,自排,2,12500,汽油,1,1,1,0,0,1,0,1,1,0,0,0,0,1,1,1,1,0
55,100532594477,FORD,PRONTOPRZ,https://ct.yimg.com/xd/api/res/1.2/IVVVE7BWz5fskBsqdnD8vw--/YXBwaWQ9eXR3YXVjdGlvbnNlcnZpY2U7aD0yNzA7cT04NTtyb3RhdGU9YXV0bztzcj0xLjI7c3M9MS4yO3c9MzU5/https://s.yimg.com/ob/image/0ccbb830-ad86-4b59-8bdd-b0eb0b5db87a.jpg,電洽,歐力克汽車 職人專賣 胖卡鷗翼 行動餐車 全台我最多實車 改裝租賃買賣,['歐力克~SAVE認証~實車實價'],彰化縣,['彰化縣福興鄉彰鹿路6段570-2號'],2000,粉,1200,自排,5,105032,汽油,1,1,1,0,0,1,0,1,1,0,0,0,0,1,1,1,1,0
56,101114218013,FORD,RANGER,https://ct.yimg.com/xd/api/res/1.2/JWgk62PxcwJNR5upb8EspQ--/YXBwaWQ9eXR3YXVjdGlvbnNlcnZpY2U7aD0yNzA7cT04NTtyb3RhdGU9YXV0bztzcj0xLjI7c3M9MS4yO3c9MzYw/https://s.yimg.com/ob/image/60ba3de0-088d-477c-ac8f-fae6a822466c.jpg,電洽,2018年Ford ranger 2.0cc 柴油雙廂式貨卡員通4X4,['員通 4x4'],台中市,['台中市潭子區崇德路四段196號'],2018,灰,2200,手自排,5,54321,,0,1,0,1,1,1,0,0,1,0,1,1,1,1,1,0,1,0
57,101114208928,FORD,RANGER,https://ct.yimg.com/xd/api/res/1.2/HNH6pL7NiSbmT_DDplfStA--/YXBwaWQ9eXR3YXVjdGlvbnNlcnZpY2U7aD0yNzA7cT04NTtyb3RhdGU9YXV0bztzcj0xLjI7c3M9MS4yO3c9MzYw/https://s.yimg.com/ob/image/319073a3-5738-4d83-975e-62385be7f145.jpg,電洽,謝謝賞車2019年Ford ranger 2.0cc 柴油雙廂式貨卡員通4X4,['員通 4x4'],台中市,['台中市潭子區崇德路四段196號'],2019,灰,2200,手自排,5,38765,柴油,1,1,0,1,1,0,0,0,1,0,1,1,0,1,1,0,1,0
58,101114156785,VOLKSWAGEN,AMAROK,https://ct.yimg.com/xd/api/res/1.2/f7zZLCdBHafRJwYhKtiOCQ--/YXBwaWQ9eXR3YXVjdGlvbnNlcnZpY2U7aD0yNzA7cT04NTtyb3RhdGU9YXV0bztzcj0xLjI7c3M9MS4yO3c9MzYw/https://s.yimg.com/ob/image/a0189766-7203-4c26-a59b-32168f3a8a29.jpg,電洽,謝謝賞車2019年VW amarok TDI 3.0cc柴油雙廂式貨卡員通4X4,['員通 4x4'],台中市,['台中市潭子區崇德路四段196號'],2019,棕,2600,手自排,5,24567,柴油,1,1,1,0,1,1,0,0,1,0,0,0,0,1,1,0,0,0
59,101112031829,MITSUBISHI,VERYCA,https://ct.yimg.com/xd/api/res/1.2/P7ZEWHDcE3iTaP6hT6QSdg--/YXBwaWQ9eXR3YXVjdGlvbnNlcnZpY2U7aD0yNzA7cT04NTtyb3RhdGU9YXV0bztzcj0xLjI7c3M9MS4yO3c9MzYw/https://s.yimg.com/ob/image/fa97399e-925b-484f-b3b3-9217ab5dad2f.jpg,電洽,新詠勝汽車精選~ A180自排8人座,['新詠勝汽車'],新北市,['新北市三重區重陽路3段8號-新詠勝汽車商行'],2020,銀,1500,自排,5,12000,汽油,0,0,0,0,0,1,0,0,1,0,0,0,0,1,0,1,0,0
60,101109183817,FORD,RANGER,https://ct.yimg.com/xd/api/res/1.2/q7.gHyNJXRGfAdNS0fGhRg--/YXBwaWQ9eXR3YXVjdGlvbnNlcnZpY2U7aD0yNjQ7cT04NTtyb3RhdGU9YXV0bztzcj0xLjI7c3M9MS4yO3c9MzYw/https://s.yimg.com/ob/image/182070a4-83cf-4e10-9838-22187ad8f438.jpg,電洽,鴻騏2019 Ford Ranger 2.0 里程僅跑三萬九 原廠保養 原廠保固,['SUM鴻騏汽車'],彰化縣,['彰化縣花壇鄉中山路二段252號'],2019,灰,2200,手自排,4,39585,柴油,0,0,0,1,0,1,0,0,1,0,1,1,1,1,1,0,1,0
61,101018112793,SUZUKI,CARRYSUPERCARRY,https://ct.yimg.com/xd/api/res/1.2/gig25oji1kxDQIENXqqovw--/YXBwaWQ9eXR3YXVjdGlvbnNlcnZpY2U7aD0yNzA7cT04NTtyb3RhdGU9YXV0bztzcj0xLjI7c3M9MS4yO3c9MzYw/https://s.yimg.com/ob/image/ad6ca6f4-9b3b-421e-91f6-291b53972e73.jpg,電洽,連成汽車 2015年鈴木 吉利 貨車 框式 冷氣冷 可全額貸款!!,['TACA連成汽車'],新北市,['新北市土城區金城路一段59-17號'],2015,銀,1500,手排,2,100000,汽油,0,0,0,1,0,1,0,0,1,0,1,1,1,1,1,0,1,0
62,100991950422,HINO,300,https://ct.yimg.com/xd/api/res/1.2/LKwS4ljhdtMju472qI_abw--/YXBwaWQ9eXR3YXVjdGlvbnNlcnZpY2U7aD0yNzA7cT04NTtyb3RhdGU9YXV0bztzcj0xLjI7c3M9MS4yO3c9MzYw/https://s.yimg.com/ob/image/d7a84244-2daa-48e5-a100-42fcb8aa2af5.jpg,電洽,連成汽車 2011年HINO日野貨車 11.5呎/框式/柴油/無待修全額貸款!!,['TACA連成汽車'],新北市,['新北市土城區金城路一段59-17號'],2011,白,4800,手排,2,300000,柴油,0,0,0,1,0,1,0,0,1,0,1,1,1,1,1,0,1,0
63,100626959196,ISUZU,300,https://ct.yimg.com/xd/api/res/1.2/iGC.hRS2KRohW9mvrN0KZw--/YXBwaWQ9eXR3YXVjdGlvbnNlcnZpY2U7aD0yMDM7cT04NTtyb3RhdGU9YXV0bztzcj0xLjI7c3M9MS4yO3c9MzYw/https://s.yimg.com/ob/image/8e63ffea-670c-4a04-9671-108909dd8fce.jpg,電洽,2021 世界のISUZU 五十鈴 5噸~18.5噸小貨車 大貨車  最高可貸,['ISUZU 新車+中古車 銷售'],彰化縣,['彰化縣花壇鄉中山路二段620之2號'],2021,白,4800,手排,2,168,柴油,0,0,0,1,0,1,0,0,1,0,1,1,1,1,1,0,1,0
64,101096783195,FORD,RANGER,https://ct.yimg.com/xd/api/res/1.2/9BQckAKoYYYgQNC5.ssNkw--/YXBwaWQ9eXR3YXVjdGlvbnNlcnZpY2U7aD0yNzA7cT04NTtyb3RhdGU9YXV0bztzcj0xLjI7c3M9MS4yO3c9MzYw/https://s.yimg.com/ob/image/6ce14eff-8698-4aeb-a7b6-ffe28a6ce89a.jpg,"888,888,888 ",飛宏汽車 2018年 FORD RANGER 3.2頂級一手車,['飛宏汽車'],台北市,['台北市南港區南港路1段10巷1號'],2018,白,3300,手自排,4,50000,柴油,0,0,0,0,0,0,0,0,0,1,0,0,1,1,0,0,1,1
65,100939706677,HYUNDAI,PORTER,https://ct.yimg.com/xd/api/res/1.2/IR96NnrNDDeJV.97A5sq8Q--/YXBwaWQ9eXR3YXVjdGlvbnNlcnZpY2U7aD0yNzA7cT04NTtyb3RhdGU9YXV0bztzcj0xLjI7c3M9MS4yO3c9MzYw/https://s.yimg.com/ob/image/015f8831-cf7b-47f5-85c2-c7fc38797218.jpg,"888,888,888 ",此車已售出 [KT 凱騰車業]2021 全新 未開過 五期現代小霸王,['SAVE認證- KT 凱騰車業'],台北市,['台北市北投區承德路七段383號'],2021,白,2600,手排,2,25,柴油,0,0,0,0,0,0,0,0,0,1,0,0,1,1,0,0,1,1
66,101110671567,MBENZ,PORTER,https://ct.yimg.com/xd/api/res/1.2/OMkat4eqqZ_CIxqvrfdRaw--/YXBwaWQ9eXR3YXVjdGlvbnNlcnZpY2U7aD0yNjk7cT04NTtyb3RhdGU9YXV0bztzcj0xLjI7c3M9MS4yO3c9MzYw/https://s.yimg.com/ob/image/52a9d1b2-b7f0-4004-8afc-4e0f50a7786e.jpg,"2,980,000 ",賓士-SPRINTER-春天人-全新商用車/公務車/工具車/小巴士好幫手,['德國歐馬 雙B旗艦總部'],台中市,['台中市南屯區環中路四段161號'],2019,黑,2200,手自排,5,50,柴油,0,0,0,0,1,1,0,0,0,0,0,0,0,0,0,1,1,0
67,101125096665,MBENZ,PORTER,https://ct.yimg.com/xd/api/res/1.2/sHvXv_fJV3hL2L8GqJDspw--/YXBwaWQ9eXR3YXVjdGlvbnNlcnZpY2U7aD0yMDM7cT04NTtyb3RhdGU9YXV0bztzcj0xLjI7c3M9MS4yO3c9MzYw/https://s.yimg.com/ob/image/70a77c78-a51d-427e-b82b-1a460ddebcf9.jpg,"1,980,000 ",賓士精選認證 2018年出廠 V250d 可配合回原廠檢測,['Y1530087503'],高雄市,['高雄市左營區文康路'],2018,銀,2200,手自排,5,58000,柴油,1,1,0,0,1,1,0,0,1,1,0,0,1,1,1,1,0,0
68,100696416782,FORD,F150,https://ct.yimg.com/xd/api/res/1.2/G5xiid2TcNAGxiy6CoYGiA--/YXBwaWQ9eXR3YXVjdGlvbnNlcnZpY2U7aD0yNDA7cT04NTtyb3RhdGU9YXV0bztzcj0xLjI7c3M9MS4yO3c9MzYw/https://s.yimg.com/ob/image/118e7b83-5f9f-4c04-9a6b-f4970acea8fa.jpg,"1,980,000 ",2018 Benz X250d 4Matic【頂好汽車】,['~桃園頂好汽車~'],桃園市,['桃園市桃園區國際路二段435號'],2017,黑,2200,手自排,4,30000,柴油,1,1,1,0,1,1,1,0,1,0,0,1,1,1,1,1,1,0
69,101125416579,MBENZ,F150,https://ct.yimg.com/xd/api/res/1.2/f.rbt1WOdhozhX8EL_eKUA--/YXBwaWQ9eXR3YXVjdGlvbnNlcnZpY2U7aD0yNDA7cT04NTtyb3RhdGU9YXV0bztzcj0xLjI7c3M9MS4yO3c9MzYw/https://s.yimg.com/ob/image/f397bda5-449e-4d33-a730-8ea44a0d6095.jpg,"1,880,000 ",自售頂級賓士 2016 總代理 BENZ V250d Avantgarde,['潘朵拉婚禮紀錄'],高雄市,['高雄市三民區三民區吉林街'],2016,銀,2200,自排,5,85000,柴油,1,0,0,0,0,0,0,0,1,0,1,1,1,1,1,1,0,0
70,100977941659,HINO,300,https://ct.yimg.com/xd/api/res/1.2/qj_nSB_w7LgTxd_zRFpKOQ--/YXBwaWQ9eXR3YXVjdGlvbnNlcnZpY2U7aD0yNzA7cT04NTtyb3RhdGU9YXV0bztzcj0xLjI7c3M9MS4yO3c9MzYw/https://s.yimg.com/ob/image/d4dcfd8f-d19e-4b90-a993-adccdb08e93e.jpg,"1,790,000 ",日野 8.5頓 6節3頓桿加搖控16.8尺車長,['來爾富中古車商行'],台中市,['台中市大里區大智路812號'],2015,白,4800,手排,2,300000,柴油,1,0,0,0,0,0,0,0,1,0,1,1,1,1,1,1,0,0
71,101072143277,MBENZ,300,https://ct.yimg.com/xd/api/res/1.2/MUlgFDrIM7hn4qMPx1omCA--/YXBwaWQ9eXR3YXVjdGlvbnNlcnZpY2U7aD0yNzA7cT04NTtyb3RhdGU9YXV0bztzcj0xLjI7c3M9MS4yO3c9MzYw/https://s.yimg.com/ob/image/eae4d2e9-678b-4b25-a981-eadda3fb98ad.jpg,"1,560,000 ",2017年 總代理 BENZ V250d Avantgarde 昇益汽車,['昇益汽車'],台北市,['台北市北投區承德路六段335號'],2017,黑,2200,手自排,5,140000,柴油,1,0,0,0,0,0,0,0,1,0,1,1,1,1,1,1,0,0
72,101113292162,TOYOTA,,https://ct.yimg.com/xd/api/res/1.2/bx.L_7wscNYYRkjtYWpv7Q--/YXBwaWQ9eXR3YXVjdGlvbnNlcnZpY2U7aD0yMDM7cT04NTtyb3RhdGU9YXV0bztzcj0xLjI7c3M9MS4yO3c9MzYw/https://s.yimg.com/ob/image/1df3adf4-802f-4559-857f-e20af6e917a1.jpg,"1,410,000 ",20年豐田Granvia實跑四萬附原廠完整記錄原廠保固中豪華6人座行車紀錄器影音,['雙和汽車商行'],新北市,['新北市中和區中正路303號中和德國馬牌輪胎旁'],2020,白,2600,手自排,5,40000,柴油,1,1,1,1,0,1,0,0,1,0,0,1,0,1,1,1,1,0
73,100901233984,HINO,300,https://ct.yimg.com/xd/api/res/1.2/YPawn66BAkhJhYSi783Nag--/YXBwaWQ9eXR3YXVjdGlvbnNlcnZpY2U7aD0yNzA7cT04NTtyb3RhdGU9YXV0bztzcj0xLjI7c3M9MS4yO3c9MzYw/https://s.yimg.com/ob/image/a97a9f92-4fe7-4338-9da8-f7db65cc96ec.jpg,"1,199,000 ",14尺 日野 平頂車款可下地下室一手車原廠保養,['來爾富中古車商行'],台中市,['台中市大里區大智路812號'],2019,白,4800,手排,2,100000,柴油,1,1,1,1,0,1,0,0,1,0,0,1,0,1,1,1,1,0
74,101116951385,ISUZU,300,https://ct.yimg.com/xd/api/res/1.2/TM6lBcNoMWetrbfPjYYDIw--/YXBwaWQ9eXR3YXVjdGlvbnNlcnZpY2U7aD0yNzA7cT04NTtyb3RhdGU9YXV0bztzcj0xLjI7c3M9MS4yO3c9MzM5/https://s.yimg.com/ob/image/4b230738-785d-4736-bdb3-b443eb17d0b9.jpg,"1,150,000 ",ISUZU 50鈴(正2021年)..5噸/ 中軸 木斗貨車,['toyota520102'],台北市,['台北市信義區信義路100號'],2021,白,2600,手排,2,300,柴油,1,1,1,1,0,1,0,0,1,0,0,1,0,1,1,1,1,0
75,101093573787,MITSUBISHI,CANTER,https://ct.yimg.com/xd/api/res/1.2/L0kguCePW43TEiPbGMJ1Hg--/YXBwaWQ9eXR3YXVjdGlvbnNlcnZpY2U7aD0xNzU7cT04NTtyb3RhdGU9YXV0bztzcj0xLjI7c3M9MS4yO3c9MzYw/https://s.yimg.com/ob/image/a997517f-111e-43d0-8570-b92eff32c84a.jpg,"1,150,000 ",【車美 車  主自售】售價115萬，車美，無事故，LED行動廣告車,['Y8738672317'],新北市,['新北市樹林區俊英街219巷45弄22之1號'],2007,黑,2600,自排,2,30000,柴油,1,1,1,1,0,1,0,0,1,0,0,1,0,1,1,1,1,0
76,101106909736,HINO,300,https://ct.yimg.com/xd/api/res/1.2/UHB53_iVQXTyImIzx8Y_tA--/YXBwaWQ9eXR3YXVjdGlvbnNlcnZpY2U7aD0yNzA7cT04NTtyb3RhdGU9YXV0bztzcj0xLjI7c3M9MS4yO3c9MzYw/https://s.yimg.com/ob/image/abe59ec2-6691-4342-8713-70bfbedd118c.jpg,"1,090,000 ",日野 11尺半 一手車 原廠 外雙缸尾門,['來爾富中古車商行'],台中市,['台中市大里區大智路812號'],2018,白,4800,手排,2,50000,柴油,1,1,1,1,0,1,0,0,1,0,0,1,0,1,1,1,1,0
77,101100003622,MBENZ,300,https://ct.yimg.com/xd/api/res/1.2/aeJe5uwkbA2Rkx2LAPACUA--/YXBwaWQ9eXR3YXVjdGlvbnNlcnZpY2U7aD0yNzA7cT04NTtyb3RhdGU9YXV0bztzcj0xLjI7c3M9MS4yO3c9MzYw/https://s.yimg.com/ob/image/3e70635d-76bc-4953-98f6-16af90e07251.jpg,"1,078,000 ",Mercedes-Benz Vito Tourer 2.2柴油 九人座頂級款,['鋼鐵傘SUM雙認證中古車'],新北市,['新北市樹林區中正路421號'],2017,銀,2200,手自排,5,51052,柴油,0,1,1,1,0,1,0,0,1,0,1,1,0,1,1,1,0,0
78,101016557876,HINO,300,https://ct.yimg.com/xd/api/res/1.2/H59D8g3kyrT6JcYFh1OHSw--/YXBwaWQ9eXR3YXVjdGlvbnNlcnZpY2U7aD0yNzA7cT04NTtyb3RhdGU9YXV0bztzcj0xLjI7c3M9MS4yO3c9MzYw/https://s.yimg.com/ob/image/b3d184d8-8c3c-42fa-bf04-2186b042416f.jpg,"1,069,000 ",日野 18年掛牌 電動伸降鐵殼 11尺8車長 原廠保養,['來爾富中古車商行'],台中市,['台中市大里區大智路812號'],2017,白,4800,手排,2,60000,柴油,0,1,1,1,0,1,0,0,1,0,1,1,0,1,1,1,0,0
79,101013550714,HYUNDAI,GRANDSTAREX,https://ct.yimg.com/xd/api/res/1.2/w3zw4Fzxn2NAkO0AGl8TUQ--/YXBwaWQ9eXR3YXVjdGlvbnNlcnZpY2U7aD0yMzk7cT04NTtyb3RhdGU9YXV0bztzcj0xLjI7c3M9MS4yO3c9MzYw/https://s.yimg.com/ob/image/af6548a2-7dab-4da7-9d96-0ccba3cd48a9.jpg,"1,068,000 ",STAREX 2.5 2019 柴油八人座小改款 僅跑一萬四,['任昱汽車-SAVE認證指標店'],台北市,['台北市北投區承德路七段153號'],2019,銀,2600,自排,5,14000,柴油,0,1,1,1,0,1,0,0,1,0,1,1,0,1,1,1,0,0
80,101110257561,FORD,TOURNEOCUSTOM,https://ct.yimg.com/xd/api/res/1.2/7avK4Tsa.TBBfRZNy62iTQ--/YXBwaWQ9eXR3YXVjdGlvbnNlcnZpY2U7aD0yNzA7cT04NTtyb3RhdGU9YXV0bztzcj0xLjI7c3M9MS4yO3c9MzYw/https://s.yimg.com/ob/image/7d05f193-fbde-4d28-aaf1-55440abc59f4.jpg,"1,050,000 ",宏霖 2019 Ford Tourneo Custom~醫療級消毒-購車送消毒~,['宏霖汽車有限公司'],台北市,['台北市內湖區內湖路一段126之1號'],2019,銀,2200,手自排,5,45000,柴油,0,0,0,1,1,1,0,0,1,0,0,1,1,1,1,1,0,0
81,101099940654,MBENZ,TOURNEOCUSTOM,https://ct.yimg.com/xd/api/res/1.2/X01ziOBk.Hi.rMiyXGzsZQ--/YXBwaWQ9eXR3YXVjdGlvbnNlcnZpY2U7aD0yNzA7cT04NTtyb3RhdGU9YXV0bztzcj0xLjI7c3M9MS4yO3c9MzYw/https://s.yimg.com/ob/image/e6e5b2d6-ab56-4860-9986-a32f9dc6c1fd.jpg,"998,000 ",Mercedes-Benz Vito Tourer 2.2d 九人座頂級款,['鋼鐵傘SUM雙認證中古車'],新北市,['新北市樹林區中正路421號'],2016,藍,2200,手自排,5,62102,柴油,0,1,1,1,1,1,0,0,0,0,0,1,0,1,1,1,0,0
82,101025218011,MAHINDRA,TOURNEOCUSTOM,https://ct.yimg.com/xd/api/res/1.2/lm7LVjxTM6XhN2xctkbdsw--/YXBwaWQ9eXR3YXVjdGlvbnNlcnZpY2U7aD0yNzA7cT04NTtyb3RhdGU9YXV0bztzcj0xLjI7c3M9MS4yO3c9MzYw/https://s.yimg.com/ob/image/44334e98-8c46-4195-b5ac-ec755904e25b.jpg,"998,000 ",2020年Mahindra 馬亨達雙廂貨卡四輪傳動零利率五年保固限量中,['Y0975361831'],新北市,['新北市土城區中華路一段181號'],2019,白,2200,手排,4,20,柴油,0,1,1,1,1,1,0,0,0,0,0,1,0,1,1,1,0,0
83,100971119124,TOYOTA,HIACESOLEMIO,https://ct.yimg.com/xd/api/res/1.2/ysrv2BMPcoww4uDKhXut2Q--/YXBwaWQ9eXR3YXVjdGlvbnNlcnZpY2U7aD0yNzA7cT04NTtyb3RhdGU9YXV0bztzcj0xLjI7c3M9MS4yO3c9MzYw/https://s.yimg.com/ob/image/3339d21f-8215-40d9-82a5-7a274d0d0667.jpg,"989,000 ",史塔瑞獅 醫生露營用 一手車只跑5萬公里里程保證無事故,['來爾富中古車商行'],台中市,['台中市大里區大智路812號'],2018,銀,2600,手自排,5,50000,柴油,0,1,1,1,1,1,0,0,0,0,0,1,0,1,1,1,0,0
84,101011279338,MITSUBISHI,CANTER,https://ct.yimg.com/xd/api/res/1.2/u8Zs6rVfvGHgWkWFmU_04w--/YXBwaWQ9eXR3YXVjdGlvbnNlcnZpY2U7aD0yNzA7cT04NTtyb3RhdGU9YXV0bztzcj0xLjI7c3M9MS4yO3c9MzYw/https://s.yimg.com/ob/image/9e789723-de3a-46a7-8402-cc89f58e5022.jpg,"958,000 ",2017年 5期堅達 超長軸 14呎 可全額貸款,['SUM龍輝汽車'],新北市,['新北市泰山區新北大道5段358號SUM龍輝汽車'],2017,藍,2600,手排,2,70000,柴油,0,1,1,1,1,1,0,0,0,0,0,1,0,1,1,1,0,0
85,101126725379,HINO,300,https://ct.yimg.com/xd/api/res/1.2/yWN3WbeB7yr.WwGHoaIqGg--/YXBwaWQ9eXR3YXVjdGlvbnNlcnZpY2U7aD0yNzA7cT04NTtyb3RhdGU9YXV0bztzcj0xLjI7c3M9MS4yO3c9MzYw/https://s.yimg.com/ob/image/ff92cefc-e8d1-4424-8e1a-e7dba3abf6a3.jpg,"899,000 ",日野11尺8有油壓尾門只開7萬公里里程保證無事故,['來爾富中古車商行'],台中市,['台中市大里區大智路812號'],2015,白,4800,手排,2,70000,柴油,0,1,1,1,1,1,0,0,0,0,0,1,0,1,1,1,0,0
86,101117332717,FORD,RANGER,https://ct.yimg.com/xd/api/res/1.2/aJ04DmHL7GaICds6P5L5DQ--/YXBwaWQ9eXR3YXVjdGlvbnNlcnZpY2U7aD0yNzA7cT04NTtyb3RhdGU9YXV0bztzcj0xLjI7c3M9MS4yO3c9MzYw/https://s.yimg.com/ob/image/48a17879-0a36-445e-a8af-c7aeff67a404.jpg,"898,000 ",全台最便宜 實車實價 最新Ranger 熱銷皮卡 全新外型認證保固 正2018年,['Car_cheap車便宜'],新北市,['新北市樹林區中正路421號(元禾汽車Sum)'],2018,灰,3300,手自排,5,30000,柴油,1,1,1,1,1,1,1,1,1,0,1,1,1,1,1,1,0,1
87,101115878221,FORD,RANGER,https://ct.yimg.com/xd/api/res/1.2/Z1GxvmGizlmcmx6BwnupMw--/YXBwaWQ9eXR3YXVjdGlvbnNlcnZpY2U7aD0yNzA7cT04NTtyb3RhdGU9YXV0bztzcj0xLjI7c3M9MS4yO3c9MzYw/https://s.yimg.com/ob/image/0e1b5fdb-b1c8-4b72-ba77-e7d2d3535226.jpg,"898,000 ",正2018年 出廠 Ranger 超剽悍皮卡，已認證、全省保固！實車實價、非代標,['瑋哥保養廠－元禾汽車'],新北市,['新北市樹林區中正路421號'],2018,灰,3300,手自排,4,36123,柴油,0,0,1,0,1,1,0,1,1,0,1,1,1,1,1,1,0,1
88,101113254850,HYUNDAI,GRANDSTAREX,https://ct.yimg.com/xd/api/res/1.2/LVnlM0AHQfjFx3RZ3T_Ing--/YXBwaWQ9eXR3YXVjdGlvbnNlcnZpY2U7aD0yNzA7cT04NTtyb3RhdGU9YXV0bztzcj0xLjI7c3M9MS4yO3c9MjQy/https://s.yimg.com/ob/image/46ab463a-9c9f-4580-837f-28289ebb74d8.jpg,"880,000 ",2019 現代 STAREX 車輛整備中 全車原鈑件 新車價137萬 db,['賣好車公司'],新北市,['新北市林口區文化三路一段'],2019,黑,2600,手自排,5,100000,柴油,0,0,0,0,0,1,0,0,0,0,0,0,0,1,0,1,0,0
89,101115205095,HINO,300,https://ct.yimg.com/xd/api/res/1.2/0PndOVGR6qahCg1vS0gRjQ--/YXBwaWQ9eXR3YXVjdGlvbnNlcnZpY2U7aD0yNzA7cT04NTtyb3RhdGU9YXV0bztzcj0xLjI7c3M9MS4yO3c9MzYw/https://s.yimg.com/ob/image/e44161cf-ce9e-4703-9d6d-43d09a8bd952.jpg,"879,000 ",HINO 日野 10尺車斗一手車只開10萬公里里程保證無事故,['來爾富中古車商行'],台中市,['台中市大里區大智路812號'],2016,白,4800,手排,2,100000,柴油,0,0,0,0,0,1,0,0,0,0,0,0,0,1,0,1,0,0
90,101092637337,HINO,300,https://ct.yimg.com/xd/api/res/1.2/Hm6IubILmYnGNLWAYewgaQ--/YXBwaWQ9eXR3YXVjdGlvbnNlcnZpY2U7aD0yNzA7cT04NTtyb3RhdGU9YXV0bztzcj0xLjI7c3M9MS4yO3c9MzYw/https://s.yimg.com/ob/image/44f5f703-05d8-4f7d-b1ef-6e5de64c2fc8.jpg,"868,000 ",2013年 HINO 超長軸 高頂 超低里程僅跑15萬公里 14呎,['SUM龍輝汽車'],新北市,['新北市泰山區新北大道5段358號SUM龍輝汽車'],2013,白,4800,手排,2,150000,柴油,0,0,0,0,0,1,0,0,0,0,0,0,0,1,0,1,0,0
91,101082761365,MITSUBISHI,CANTER,https://ct.yimg.com/xd/api/res/1.2/yqtFLojeyIQW0f5zLiFhvQ--/YXBwaWQ9eXR3YXVjdGlvbnNlcnZpY2U7aD0yNzA7cT04NTtyb3RhdGU9YXV0bztzcj0xLjI7c3M9MS4yO3c9MzYw/https://s.yimg.com/ob/image/3fd1e892-734f-436b-82c1-c74df5ef0c93.jpg,"859,000 ",堅達10尺半一手車只跑5萬公里里程保證無事故,['來爾富中古車商行'],台中市,['台中市大里區大智路812號'],2017,白,2600,手排,2,50000,柴油,0,0,0,0,0,1,0,0,0,0,0,0,0,1,0,1,0,0
92,101095749988,MBENZ,CANTER,https://ct.yimg.com/xd/api/res/1.2/Sv27qpcuh8EgorzNb8fVIA--/YXBwaWQ9eXR3YXVjdGlvbnNlcnZpY2U7aD0yNzA7cT04NTtyb3RhdGU9YXV0bztzcj0xLjI7c3M9MS4yO3c9MzQ0/https://s.yimg.com/ob/image/f82c850a-ec7b-4b35-91ce-8bf23d478c44.jpg,"858,000 ",『臘腸嚴選』BENZ VITO 2016-08 黑 2.2,['Y3288937060'],桃園市,['桃園市龜山區忠義路二段'],2016,黑,2200,手自排,5,76473,柴油,0,0,0,0,1,1,0,0,0,0,0,0,0,0,1,0,0,0
93,101017234565,MITSUBISHI,CANTER,https://ct.yimg.com/xd/api/res/1.2/JB3rmc2FrfQUZjnEMRYn2Q--/YXBwaWQ9eXR3YXVjdGlvbnNlcnZpY2U7aD0yNDA7cT04NTtyb3RhdGU9YXV0bztzcj0xLjI7c3M9MS4yO3c9MzYw/https://s.yimg.com/ob/image/1870db16-16e2-457b-9bab-eff26a6d7915.jpg,"858,000 ",君豪汽車～2018年式 堅達廂式10呎半 可開發票 僅跑9萬多公里 賺錢的好幫手,['君豪汽車'],高雄市,['高雄市左營區文自路606號'],2017,白,2600,手排,2,98000,柴油,0,0,0,0,1,1,0,0,0,0,0,0,0,0,1,0,0,0
94,101025186698,KIA,CANTER,https://ct.yimg.com/xd/api/res/1.2/iVja2ORtc2moYF0EZXCpRw--/YXBwaWQ9eXR3YXVjdGlvbnNlcnZpY2U7aD0yMDM7cT04NTtyb3RhdGU9YXV0bztzcj0xLjI7c3M9MS4yO3c9MzYw/https://s.yimg.com/ob/image/fd88decc-2c83-43ab-b85c-592429d510e2.jpg,"838,000 ",卡旺3噸半柴油自排大單廂貨車6期正貨車自手排變速箱3年12萬保固,['Y0975361831'],新北市,['新北市新莊區瓊林路204-18號'],2021,白,2600,自排,2,20,柴油,0,0,0,0,0,1,0,0,1,0,0,0,0,0,0,0,0,0
95,101025226946,MAHINDRA,CANTER,https://ct.yimg.com/xd/api/res/1.2/C2WnX7W745404GRoUVKOxg--/YXBwaWQ9eXR3YXVjdGlvbnNlcnZpY2U7aD0yNzA7cT04NTtyb3RhdGU9YXV0bztzcj0xLjI7c3M9MS4yO3c9MzYw/https://s.yimg.com/ob/image/e115bb34-fa43-42dc-9e73-71f8c4cd73ac.jpg,"788,000 ",2020年Mahindra 馬亨達單廂貨卡優惠價贈送多項配備,['Y0975361831'],新北市,['新北市土城區中華路一段181號'],2020,銀,2200,手排,2,60,柴油,0,0,0,0,0,1,0,0,1,0,0,0,0,0,0,0,0,0
96,101125228713,FORD,RANGER,https://ct.yimg.com/xd/api/res/1.2/vFVY.TGADmO6x2fQN1k02w--/YXBwaWQ9eXR3YXVjdGlvbnNlcnZpY2U7aD0yNzA7cT04NTtyb3RhdGU9YXV0bztzcj0xLjI7c3M9MS4yO3c9MzYw/https://s.yimg.com/ob/image/4c0190d3-16e9-4768-a28a-35bb595d5cc8.jpg,"780,000 ",*新泰汽車* FORD RANGER 正2015年出廠,['新泰汽車'],台南市,['台南市仁德區太子路735號'],2015,灰,3300,手自排,4,67000,,0,0,0,0,0,1,0,0,1,0,0,0,0,0,0,0,0,0
97,101099937975,VOLKSWAGEN,,https://ct.yimg.com/xd/api/res/1.2/56u9BiB1gyaD7NolU_JipQ--/YXBwaWQ9eXR3YXVjdGlvbnNlcnZpY2U7aD0yNzA7cT04NTtyb3RhdGU9YXV0bztzcj0xLjI7c3M9MS4yO3c9MzYw/https://s.yimg.com/ob/image/baebcf39-8cb6-4424-b10e-18f07375dc18.jpg,"768,000 ",正2016年 Volkswagen Caravelle T6 2.0TDI,['鋼鐵傘SUM雙認證中古車'],新北市,['新北市樹林區中正路421號'],2016,黑,2200,手自排,5,60159,柴油,0,1,1,1,1,1,0,0,1,0,0,1,0,1,1,1,0,0
98,101080564467,KIA,,https://ct.yimg.com/xd/api/res/1.2/W_Lz1n.ZBaX2M1cKs_RcJg--/YXBwaWQ9eXR3YXVjdGlvbnNlcnZpY2U7aD0yMDM7cT04NTtyb3RhdGU9YXV0bztzcj0xLjI7c3M9MS4yO3c9MzYw/https://s.yimg.com/ob/image/3fc28529-a044-4c77-bc0e-4e2f1f8db4f0.jpg,"758,000 ",卡旺柴油六期手排貨車3.24頓10尺半真正貨車專用自排變速箱3年12萬保固,['Y0975361831'],新北市,['新北市新莊區瓊林路204-18號'],2021,白,2600,手排,2,10,,0,1,1,1,1,1,0,0,1,0,0,1,0,1,1,1,0,0
99,101117873378,MITSUBISHI,CANTER,https://ct.yimg.com/xd/api/res/1.2/kIkMmwjWy3BcgrvflgGj6w--/YXBwaWQ9eXR3YXVjdGlvbnNlcnZpY2U7aD0yNzA7cT04NTtyb3RhdGU9YXV0bztzcj0xLjI7c3M9MS4yO3c9MzM0/https://s.yimg.com/ob/image/2216213b-a04f-4946-af25-0fdfe51d1fa7.jpg,"728,000 ",限時優惠促銷 2017年 MITSUBISHI / CANTER 11尺半6輪,['只想賣好車!! 感謝支持!!'],新北市,['新北市林口區文化三路一段249巷55號'],2017,藍,2600,手排,2,68562,柴油,0,1,1,1,1,1,0,0,1,0,0,1,0,1,1,1,0,0
100,101124157903,KIA,CANTER,https://ct.yimg.com/xd/api/res/1.2/c6gnKX8FGqwuKIIVwzLT7g--/YXBwaWQ9eXR3YXVjdGlvbnNlcnZpY2U7aD0yNzA7cT04NTtyb3RhdGU9YXV0bztzcj0xLjI7c3M9MS4yO3c9MzYw/https://s.yimg.com/ob/image/22ce0728-f66f-42aa-8bd6-46e6d12ef71d.jpg,"699,000 ",卡旺 卡旺雙廂一手車只開4萬公里里程保證無事故,['來爾富中古車商行'],台中市,['台中市大里區大智路812號'],2018,白,2600,手排,4,40000,柴油,0,1,1,1,1,1,0,0,1,0,0,1,0,1,1,1,0,0
101,101097742396,MITSUBISHI,CANTER,https://ct.yimg.com/xd/api/res/1.2/kss.IzeR0.swNXfj0i6o1w--/YXBwaWQ9eXR3YXVjdGlvbnNlcnZpY2U7aD0yNzA7cT04NTtyb3RhdGU9YXV0bztzcj0xLjI7c3M9MS4yO3c9MzYw/https://s.yimg.com/ob/image/58c57bb5-a661-4df4-80ae-f6a20f52e83d.jpg,"699,000 ",2012年 堅達 歐翼 一手車 只開7萬公里 里程保證 無事故,['來爾富中古車商行'],台中市,['台中市大里區大智路812號'],2012,白,2600,手排,2,70000,柴油,0,1,1,1,1,1,0,0,1,0,0,1,0,1,1,1,0,0
102,101088913921,HINO,300,https://ct.yimg.com/xd/api/res/1.2/b_ftoJo8k.Z8ARO8OowL0w--/YXBwaWQ9eXR3YXVjdGlvbnNlcnZpY2U7aD0yNzA7cT04NTtyb3RhdGU9YXV0bztzcj0xLjI7c3M9MS4yO3c9MzYw/https://s.yimg.com/ob/image/ca25100c-1a57-4fa7-be09-768bfb0b9339.jpg,"699,000 ",日野14尺一手車只開7萬公里里程保證無事故,['來爾富中古車商行'],台中市,['台中市大里區大智路812號'],2010,白,4800,手排,2,70000,柴油,0,1,1,1,1,1,0,0,1,0,0,1,0,1,1,1,0,0
103,101098366943,FORD,RANGER,https://ct.yimg.com/xd/api/res/1.2/0POZzzFJIeHd.HiCrwpm1Q--/YXBwaWQ9eXR3YXVjdGlvbnNlcnZpY2U7aD0yNzA7cT04NTtyb3RhdGU9YXV0bztzcj0xLjI7c3M9MS4yO3c9MzYw/https://s.yimg.com/ob/image/73db1353-2167-49cd-97cd-29b11511b5f3.jpg,"699,000 ",2015款Ford Ranger一手車原廠保養保證無事故,['來爾富中古車商行'],台中市,['台中市大里區大智路812號'],2014,銀,3300,手自排,4,190000,柴油,0,0,0,0,1,1,0,0,0,0,0,0,0,1,1,0,0,0
104,101121042483,FORD,RANGER,https://ct.yimg.com/xd/api/res/1.2/sNIJ0oB8U6iegSJhcczDIQ--/YXBwaWQ9eXR3YXVjdGlvbnNlcnZpY2U7aD0yNzA7cT04NTtyb3RhdGU9YXV0bztzcj0xLjI7c3M9MS4yO3c9MzYw/https://s.yimg.com/ob/image/b8936767-a4c1-45fb-a508-906781121656.jpg,"696,000 ",放心購 2016 FORD RANGER 3.2L 4WD,['Y3288937060'],新北市,['新北市林口區文化三路'],2016,黑,3300,手自排,4,140000,柴油,1,1,1,1,1,1,0,0,1,0,0,0,1,1,1,0,0,0
105,101099945926,VOLKSWAGEN,,https://ct.yimg.com/xd/api/res/1.2/DR5A1noZPKlF2HGqIaSkoQ--/YXBwaWQ9eXR3YXVjdGlvbnNlcnZpY2U7aD0yNzA7cT04NTtyb3RhdGU9YXV0bztzcj0xLjI7c3M9MS4yO3c9MzYw/https://s.yimg.com/ob/image/2f06dea4-c642-4130-bea3-a453c52fcc2f.jpg,"638,000 ",Volkswagen Caravelle 2.0 TDI LWB T5,['鋼鐵傘SUM雙認證中古車'],新北市,['新北市樹林區中正路421號'],2014,灰,2200,手自排,5,75043,柴油,0,1,1,1,1,1,0,0,1,0,1,1,0,1,1,1,0,0
106,101126658890,MITSUBISHI,CANTER,https://ct.yimg.com/xd/api/res/1.2/M6_72Z7IpHnGdmSIASvajA--/YXBwaWQ9eXR3YXVjdGlvbnNlcnZpY2U7aD0yNzA7cT04NTtyb3RhdGU9YXV0bztzcj0xLjI7c3M9MS4yO3c9MzYw/https://s.yimg.com/ob/image/7b34131e-6168-4ca3-ab3d-468124d9f965.jpg,"608,000 ",2012 CANTER 打拼好兄弟 14.5尺 油壓雙缸升降尾門 WT,['賣好車公司'],新北市,['新北市林口區文化三路一段'],2012,白,2600,手排,2,132000,,0,1,1,1,1,1,0,0,1,0,1,1,0,1,1,1,0,0
107,101082753750,MITSUBISHI,CANTER,https://ct.yimg.com/xd/api/res/1.2/wP02eWMlqoXeQ89cLper7A--/YXBwaWQ9eXR3YXVjdGlvbnNlcnZpY2U7aD0yNzA7cT04NTtyb3RhdGU9YXV0bztzcj0xLjI7c3M9MS4yO3c9MzYw/https://s.yimg.com/ob/image/7f36b0fa-357d-45bf-ac61-57b418d8464a.jpg,"599,000 ",堅達10尺半一手車只跑16萬公里里程保證無事故,['來爾富中古車商行'],台中市,['台中市大里區大智路812號'],2012,藍,2600,手排,2,160000,柴油,0,1,1,1,1,1,0,0,1,0,1,1,0,1,1,1,0,0
108,101110264998,HYUNDAI,GRANDSTAREX,https://ct.yimg.com/xd/api/res/1.2/VZ2z6ps975bCv2HXiMavjw--/YXBwaWQ9eXR3YXVjdGlvbnNlcnZpY2U7aD0yMzk7cT04NTtyb3RhdGU9YXV0bztzcj0xLjI7c3M9MS4yO3c9MzYw/https://s.yimg.com/ob/image/03fbbb34-d3bf-4590-8f35-28cbaeb40a19.jpg,"598,000 ",STAREX 2.5 2014 柴油九人座 僅跑四萬九,['任昱汽車-SAVE認證指標店'],台北市,['台北市北投區承德路七段153號'],2014,黑,2600,自排,5,49000,柴油,0,1,1,1,1,1,0,0,1,0,1,1,0,1,1,1,0,0
109,101111968474,HYUNDAI,GRANDSTAREX,https://ct.yimg.com/xd/api/res/1.2/KF2zoSj6p20gRZCwIP3hPg--/YXBwaWQ9eXR3YXVjdGlvbnNlcnZpY2U7aD0yNDA7cT04NTtyb3RhdGU9YXV0bztzcj0xLjI7c3M9MS4yO3c9MzYw/https://s.yimg.com/ob/image/7fa9c122-1b19-462d-a30e-8534848c0627.jpg,"588,000 ",HYUNDAI GRAND STAREX 正九⼈座 ⼿⾃排 三排座椅 後排冷氣,['君豪汽車'],高雄市,['高雄市左營區文自路606號'],2015,銀,2600,自排,5,120000,柴油,0,0,0,0,0,0,0,0,0,0,0,0,0,0,1,1,0,0
110,101099953292,TOYOTA,,https://ct.yimg.com/xd/api/res/1.2/geIhJQoJJpk5nPoOgxfiHw--/YXBwaWQ9eXR3YXVjdGlvbnNlcnZpY2U7aD0yNzA7cT04NTtyb3RhdGU9YXV0bztzcj0xLjI7c3M9MS4yO3c9MzYw/https://s.yimg.com/ob/image/0e54bd45-aa7e-497b-aac8-9469c92f914f.jpg,"588,000 ",Toyota Sienna 3.5 V6引擎，自然進氣，總統級坐駕八人,['鋼鐵傘SUM雙認證中古車'],新北市,['新北市樹林區中正路421號'],2011,白,3300,手自排,5,80098,汽油,0,1,1,1,1,1,0,0,1,0,0,1,1,1,1,1,1,0
111,101114226432,FORD,RANGER,https://ct.yimg.com/xd/api/res/1.2/KkDC1Q0Unpl.hyLs8Xxw_g--/YXBwaWQ9eXR3YXVjdGlvbnNlcnZpY2U7aD0yNzA7cT04NTtyb3RhdGU9YXV0bztzcj0xLjI7c3M9MS4yO3c9MzYw/https://s.yimg.com/ob/image/90872f4e-33d6-4416-be1e-b018322cb97d.jpg,"535,000 ",放心購 2014 FORD RANGER 3.2L 4WD 駕馭感十足,['Y3288937060'],新北市,['新北市林口區文化三路'],2014,白,3300,手自排,4,65000,柴油,1,1,1,1,1,1,0,0,0,0,0,0,1,1,1,0,0,0
112,101025201480,DFSK,RANGER,https://ct.yimg.com/xd/api/res/1.2/AlUabGH2sG.Ica6fi1YNUg--/YXBwaWQ9eXR3YXVjdGlvbnNlcnZpY2U7aD0yMDM7cT04NTtyb3RhdGU9YXV0bztzcj0xLjI7c3M9MS4yO3c9MzYw/https://s.yimg.com/ob/image/4cb6780c-1f1a-47c8-995b-8e7f1934368e.jpg,"498,000 ",2021年金穩發2.290公分貨斗載重1.27噸正時鐵鍊ABS ESC 胎壓偵測,['Y0975361831'],新北市,['新北市新莊區瓊林路204-18號'],2021,銀,1500,手排,2,20,,1,1,1,1,1,1,0,0,0,0,0,0,1,1,1,0,0,0
113,101122708573,MITSUBISHI,VERYCA,https://ct.yimg.com/xd/api/res/1.2/Xv9qxk_RoGtJxmcyO0O_3Q--/YXBwaWQ9eXR3YXVjdGlvbnNlcnZpY2U7aD0yNzA7cT04NTtyb3RhdGU9YXV0bztzcj0xLjI7c3M9MS4yO3c9MzYw/https://s.yimg.com/ob/image/25bc0499-2321-4599-8805-9ff4c0cac443.jpg,"478,000 ",(預購限量)自排 領牌新車2020 菱利貨1.5 發財車 原廠保固 金帝汽車,['金帝汽車 經濟好車'],新北市,['新北市泰山區新北大道五段56-1號(靠近泰山捷運站)'],2020,灰,1500,自排,2,15,,1,1,1,1,1,1,0,0,0,0,0,0,1,1,1,0,0,0
114,101110417247,DFSK,VERYCA,https://ct.yimg.com/xd/api/res/1.2/T1UQvuOOaJctTdy_lh.8pw--/YXBwaWQ9eXR3YXVjdGlvbnNlcnZpY2U7aD0yNzA7cT04NTtyb3RhdGU9YXV0bztzcj0xLjI7c3M9MS4yO3c9MzYw/https://s.yimg.com/ob/image/375ba793-0ab8-4449-85dc-d04c73fe4b22.jpg,"468,000 ",東風小康 大穩發 2020年9月出廠 一手車 內裝如新 可全額貸款,['Y0817025824'],台中市,['台中市南區大慶街一段'],2020,白,1500,手排,2,10006,,1,1,1,1,1,1,0,0,0,0,0,0,1,1,1,0,0,0
115,101061636374,MITSUBISHI,VERYCA,https://ct.yimg.com/xd/api/res/1.2/_PnMOZAs5XvGugiD4.FX_g--/YXBwaWQ9eXR3YXVjdGlvbnNlcnZpY2U7aD0yNzA7cT04NTtyb3RhdGU9YXV0bztzcj0xLjI7c3M9MS4yO3c9MzYw/https://s.yimg.com/ob/image/76c3099d-0431-4008-bf9d-a10e695c0b88.jpg,"458,000 ",2021年 A190 菱利 自排!!! 小發財車 全車保證 有定速 免頭款,['SUM龍輝汽車'],新北市,['新北市泰山區新北大道5段358號SUM龍輝汽車'],2021,藍,1500,自排,2,5210,汽油,1,1,1,1,1,1,0,0,0,0,0,0,1,1,1,0,0,0
116,101112032228,MITSUBISHI,VERYCA,https://ct.yimg.com/xd/api/res/1.2/3w_L9nuJe7mlPqE6aaf_rw--/YXBwaWQ9eXR3YXVjdGlvbnNlcnZpY2U7aD0yNzA7cT04NTtyb3RhdGU9YXV0bztzcj0xLjI7c3M9MS4yO3c9MzYw/https://s.yimg.com/ob/image/6f45b184-f1a0-414e-9b3a-d9030867fbe6.jpg,"450,000 ",新詠勝汽車精選~2021年式A180 BSW車側盲點,['新詠勝汽車'],新北市,['新北市三重區重陽路3段8號(新詠勝汽車商行)'],2020,銀,1500,手排,5,1300,汽油,0,0,0,0,0,1,1,0,1,0,0,0,0,0,0,1,0,0
117,101113591214,MITSUBISHI,VERYCA,https://ct.yimg.com/xd/api/res/1.2/.3nH2ci2SyXBIVrISAoI5Q--/YXBwaWQ9eXR3YXVjdGlvbnNlcnZpY2U7aD0yNzA7cT04NTtyb3RhdGU9YXV0bztzcj0xLjI7c3M9MS4yO3c9MzYw/https://s.yimg.com/ob/image/4d91512b-0ef9-46cf-ab77-894157f28a33.jpg,"428,000 ",新詠勝汽車精選~2020 年A190 菱利貨車(展售中,['新詠勝汽車'],新北市,['新北市三重區重陽路3段8號(新詠勝汽車商行)'],2020,銀,1500,手排,2,7500,汽油,0,0,0,0,0,1,0,0,1,0,0,0,0,0,0,0,0,0
118,101109878015,MITSUBISHI,DELICA,https://ct.yimg.com/xd/api/res/1.2/.t75vKINZppRS8_yFNMIAw--/YXBwaWQ9eXR3YXVjdGlvbnNlcnZpY2U7aD0yNzA7cT04NTtyb3RhdGU9YXV0bztzcj0xLjI7c3M9MS4yO3c9MzYw/https://s.yimg.com/ob/image/7a3f1917-ed54-4028-8581-fc68723ae245.jpg,"398,000 ",2018年 得利卡 廂型車 寬敞平整空間 8人座 免頭款 全額貸款,['SUM龍輝汽車'],新北市,['新北市新莊區新北大道5段358號SUM龍輝汽車'],2018,銀,2200,手排,5,80000,汽油,0,0,0,0,0,1,0,0,1,0,0,0,0,0,0,0,0,0
119,101102487157,MITSUBISHI,DELICA,https://ct.yimg.com/xd/api/res/1.2/jO3aBgo20hE7WaCwD7VdfQ--/YXBwaWQ9eXR3YXVjdGlvbnNlcnZpY2U7aD0yNDA7cT04NTtyb3RhdGU9YXV0bztzcj0xLjI7c3M9MS4yO3c9MzYw/https://s.yimg.com/ob/image/f4fd170a-ef46-48a9-b18e-af1c4288ebd5.jpg,"398,000 ",MITSUBISHI SUPER DELICA 廂式客貨兩用車 8人座 後座出風,['君豪汽車'],高雄市,['高雄市左營區文自路606號'],2018,銀,2200,手排,5,91000,汽油,0,0,0,0,0,0,0,0,0,0,0,0,0,0,1,1,0,0
120,101102484238,MITSUBISHI,DELICA,https://ct.yimg.com/xd/api/res/1.2/wbDta0lNqiK_dIXC8MNyHQ--/YXBwaWQ9eXR3YXVjdGlvbnNlcnZpY2U7aD0yNDA7cT04NTtyb3RhdGU9YXV0bztzcj0xLjI7c3M9MS4yO3c9MzYw/https://s.yimg.com/ob/image/a3e0c84a-f163-4d0e-9b75-d8b474ae9e0d.jpg,"398,000 ",MITSUBISHI SUPER DELICA 廂式客貨兩用車 8人座 後座出風,['君豪汽車'],高雄市,['高雄市左營區文自路606號'],2018,白,2200,手排,5,85000,汽油,0,0,0,0,0,0,0,0,0,0,0,0,0,0,1,1,0,0
121,101121041338,HYUNDAI,GRANDSTAREX,https://ct.yimg.com/xd/api/res/1.2/bSH6VISp2WCMUnOcTjNTKA--/YXBwaWQ9eXR3YXVjdGlvbnNlcnZpY2U7aD0yNzA7cT04NTtyb3RhdGU9YXV0bztzcj0xLjI7c3M9MS4yO3c9MzQ3/https://s.yimg.com/ob/image/e153bb6a-2b95-4391-9e97-c6a9166860ff.jpg,"388,000 ",限時優惠促銷  2014年   HYUNDAI   /   STAREX,['只想賣好車!! 感謝支持!!'],新北市,['新北市林口區文化三路一段249巷55號'],2014,銀,2600,手自排,5,64832,,0,0,0,0,0,0,0,0,0,0,0,0,0,0,1,1,0,0
122,101113594958,HYUNDAI,GRANDSTAREX,https://ct.yimg.com/xd/api/res/1.2/BnkCLhJ6hiHtmGzvrat_jw--/YXBwaWQ9eXR3YXVjdGlvbnNlcnZpY2U7aD0yMzE7cT04NTtyb3RhdGU9YXV0bztzcj0xLjI7c3M9MS4yO3c9MzYw/https://s.yimg.com/ob/image/7a3f1c00-17ee-4a27-9ac9-0022f094548d.jpg,"380,000 ",W自售 2015 STAREX   跑5萬 柴油 8人座,['AA8888AA'],新北市,['新北市五股區新城一路46號'],2014,藍,2600,自手排,5,50000,柴油,0,0,0,0,0,0,0,1,1,1,1,1,1,1,1,1,1,1
123,101078172540,MITSUBISHI,DELICA,https://ct.yimg.com/xd/api/res/1.2/tcs.mUkqTyaST0WhOaAjAw--/YXBwaWQ9eXR3YXVjdGlvbnNlcnZpY2U7aD0yNzA7cT04NTtyb3RhdGU9YXV0bztzcj0xLjI7c3M9MS4yO3c9MzYw/https://s.yimg.com/ob/image/5d651221-b1f9-4d6a-92f9-f9bbc1eb094b.jpg,"379,000 ",得利卡 一手車只開7萬公里里程保證無事故,['來爾富中古車商行'],台中市,['台中市大里區大智路812號'],2018,藍,2600,手排,2,70000,汽油,0,0,0,0,0,0,0,1,1,1,1,1,1,1,1,1,1,1
124,101113631308,MITSUBISHI,VERYCA,https://ct.yimg.com/xd/api/res/1.2/h3mBFOLFnh6nBeGpLpEfmA--/YXBwaWQ9eXR3YXVjdGlvbnNlcnZpY2U7aD0yNzA7cT04NTtyb3RhdGU9YXV0bztzcj0xLjI7c3M9MS4yO3c9MzYw/https://s.yimg.com/ob/image/79ef3115-bd07-447b-9c7c-4077a489d117.jpg,"375,000 ",新詠勝汽車精選~市場最新1.3貨車(展售中,['新詠勝汽車'],新北市,['新北市三重區重陽路3段8號(新詠勝汽車商行)'],2019,藍,1500,手排,2,8900,汽油,0,0,0,0,0,0,0,1,1,1,1,1,1,1,1,1,1,1
125,101068778967,SUZUKI,CARRYSUPERCARRY,https://ct.yimg.com/xd/api/res/1.2/KVQdnHpwAOxR4KS4GV.GPA--/YXBwaWQ9eXR3YXVjdGlvbnNlcnZpY2U7aD0yNzA7cT04NTtyb3RhdGU9YXV0bztzcj0xLjI7c3M9MS4yO3c9MzYw/https://s.yimg.com/ob/image/9e002ffb-b0f8-4f84-9511-9bc821331f43.jpg,"368,000 ",SUZUKI原廠認證 2017年 CARRY APV GLX,['SUZUKI原廠認證中古車'],台北市,['台北市北投區承德路六段337號'],2017,藍,1500,手排,2,27100,,0,0,0,0,0,0,0,1,1,1,1,1,1,1,1,1,1,1
126,101102490536,MITSUBISHI,DELICA,https://ct.yimg.com/xd/api/res/1.2/yjUorGHh9ZokedEh73_cPQ--/YXBwaWQ9eXR3YXVjdGlvbnNlcnZpY2U7aD0yNDA7cT04NTtyb3RhdGU9YXV0bztzcj0xLjI7c3M9MS4yO3c9MzYw/https://s.yimg.com/ob/image/24ac3e24-9d96-4b97-a043-3f4f86e03469.jpg,"368,000 ",MITSUBISHI SUPER DELICA 框式貨⾞ 可開發票 僅跑7萬公里,['君豪汽車'],高雄市,['高雄市左營區文自路606號'],2018,白,2200,手排,2,73000,汽油,0,0,0,0,0,0,0,1,1,1,1,1,1,1,1,1,1,1
127,101121218142,HYUNDAI,GRANDSTAREX,https://ct.yimg.com/xd/api/res/1.2/gZ_vp5541MApnw4lKomIIQ--/YXBwaWQ9eXR3YXVjdGlvbnNlcnZpY2U7aD0yNzA7cT04NTtyb3RhdGU9YXV0bztzcj0xLjI7c3M9MS4yO3c9MzYw/https://s.yimg.com/ob/image/fe4e9b8e-80e6-48c4-9681-6da59f6736bd.jpg,"365,000 ",2016 STAREX 九人座商旅車 標配定速 大空間無事故漂亮車LIN,['賣好車公司'],新北市,['新北市林口區文化三路一段249巷'],2016,黑,2600,手自排,5,91000,柴油,0,0,0,0,0,0,0,0,0,0,0,1,0,1,0,0,0,0
128,101024727022,MITSUBISHI,VERYCA,https://ct.yimg.com/xd/api/res/1.2/isU4OpVO1C.IW1FLkJ.NEw--/YXBwaWQ9eXR3YXVjdGlvbnNlcnZpY2U7aD0yNzA7cT04NTtyb3RhdGU9YXV0bztzcj0xLjI7c3M9MS4yO3c9MzYw/https://s.yimg.com/ob/image/d94680bb-ce7b-4693-ad8f-581090a7f451.jpg,"359,000 ",菱利 1.3 冷藏車 只跑5萬公里 里程保證無事故,['來爾富中古車商行'],台中市,['台中市大里區大智路812號'],2018,銀,1500,手排,2,50000,汽油,0,0,0,0,0,0,0,0,0,0,0,1,0,1,0,0,0,0
129,101118928687,MITSUBISHI,DELICA,https://ct.yimg.com/xd/api/res/1.2/s2y7SNXDLOOsYdzBmzmQfQ--/YXBwaWQ9eXR3YXVjdGlvbnNlcnZpY2U7aD0yNDA7cT04NTtyb3RhdGU9YXV0bztzcj0xLjI7c3M9MS4yO3c9MzYw/https://s.yimg.com/ob/image/d2714345-59fd-40b2-a7ca-6e85748c6aac.jpg,"358,000 ",MITSUBISHI SUPER DELICA 廂式客貨兩用車 8人座 後座出風,['君豪汽車'],高雄市,['高雄市左營區文自路606號'],2018,銀,2200,手排,5,145000,汽油,0,0,0,0,0,0,0,0,0,0,0,0,0,0,1,1,0,0
130,101114827516,HYUNDAI,PORTER,https://ct.yimg.com/xd/api/res/1.2/.sUGZsc7ygW3rkTF_JulbQ--/YXBwaWQ9eXR3YXVjdGlvbnNlcnZpY2U7aD0yNzA7cT04NTtyb3RhdGU9YXV0bztzcj0xLjI7c3M9MS4yO3c9MzYw/https://s.yimg.com/ob/image/8568b00b-f509-4582-8039-936d75d1f4cb.jpg,"339,000 ",波特 一手車可改車斗保證無事故,['來爾富中古車商行'],台中市,['台中市大里區大智路812號'],2015,白,2600,手排,2,240000,柴油,0,0,0,0,0,0,0,0,0,0,0,0,0,0,1,1,0,0
131,101115303750,MITSUBISHI,VERYCA,https://ct.yimg.com/xd/api/res/1.2/jJwhsADBoVPMVgwX2mbVpw--/YXBwaWQ9eXR3YXVjdGlvbnNlcnZpY2U7aD0yNzA7cT04NTtyb3RhdGU9YXV0bztzcj0xLjI7c3M9MS4yO3c9Mjcw/https://s.yimg.com/ob/image/fb30cc3d-41e3-469c-afba-804c717315fd.jpg,"338,000 ",2017 中華菱利  5人座 手排,['老江車酷 1991.'],桃園市,['桃園市八德區和平路'],2017,藍,1500,自排,5,9000,,0,0,0,0,0,0,0,0,0,0,0,0,0,0,1,1,0,0
132,101109863831,MITSUBISHI,CANTER,https://ct.yimg.com/xd/api/res/1.2/DRbo46bAa3Ht1OOHTelFZw--/YXBwaWQ9eXR3YXVjdGlvbnNlcnZpY2U7aD0yNzA7cT04NTtyb3RhdGU9YXV0bztzcj0xLjI7c3M9MS4yO3c9MzYw/https://s.yimg.com/ob/image/85a7a245-5709-4820-b4da-d49dc80cca5d.jpg,"338,000 ",2005年 長軸堅達 11.5呎 低里程 可全額貸款,['SUM龍輝汽車'],新北市,['新北市新莊區新北大道5段358號SUM龍輝汽車'],2005,藍,2600,手排,2,130000,柴油,0,0,0,0,0,0,0,0,0,0,0,0,0,0,1,1,0,0
133,101114845127,MITSUBISHI,VERYCA,https://ct.yimg.com/xd/api/res/1.2/JTS8R2iUOCZs.9LnARA6pA--/YXBwaWQ9eXR3YXVjdGlvbnNlcnZpY2U7aD0yNzA7cT04NTtyb3RhdGU9YXV0bztzcj0xLjI7c3M9MS4yO3c9MzYw/https://s.yimg.com/ob/image/1579c1ec-9010-492a-923f-b01f835b65aa.jpg,"329,000 ",菱利 一手車只開4萬有三面帆布公里里程保證無事故,['來爾富中古車商行'],台中市,['台中市大里區大智路812號'],2018,白,1500,手排,2,40000,汽油,0,0,0,0,0,0,0,0,0,0,0,0,0,0,1,1,0,0
134,101044314772,MITSUBISHI,VERYCA,https://ct.yimg.com/xd/api/res/1.2/GJhg0OdvG57KKUeGVUxOHw--/YXBwaWQ9eXR3YXVjdGlvbnNlcnZpY2U7aD0yNDA7cT04NTtyb3RhdGU9YXV0bztzcj0xLjI7c3M9MS4yO3c9MzYw/https://s.yimg.com/ob/image/a2d56fd5-51c7-462f-a904-6ff35dfc4359.jpg,"328,000 ",4WD 四輪傳動 加力檔 四條全新輪胎 倒車顯影 行車紀錄器 回去直接賺大錢,['SUM三立汽車'],台北市,['台北市文山區文山區木新路三段289號'],2014,藍,1200,手排,2,150000,汽油,0,0,0,0,0,0,0,0,0,0,0,0,0,0,1,1,0,0
135,101075576326,MITSUBISHI,VERYCA,https://ct.yimg.com/xd/api/res/1.2/mDb0ylra0boh18JVMNpBtQ--/YXBwaWQ9eXR3YXVjdGlvbnNlcnZpY2U7aD0yNzA7cT04NTtyb3RhdGU9YXV0bztzcj0xLjI7c3M9MS4yO3c9MzYw/https://s.yimg.com/ob/image/270887ad-a8c7-4a2e-9aa6-fa75fbb428da.jpg,"318,000 ",2018年 菱利 1300cc  小發財車 全車保證 免頭款 全額貸款,['SUM龍輝汽車'],新北市,['新北市泰山區新北大道5段358號sum龍輝汽車'],2018,藍,1500,手排,2,50000,汽油,0,0,0,0,0,0,0,0,0,0,0,0,0,0,1,1,0,0
136,100971078051,SUZUKI,CARRYSUPERCARRY,https://ct.yimg.com/xd/api/res/1.2/.v1E20eWciE7k1rp8sdAMA--/YXBwaWQ9eXR3YXVjdGlvbnNlcnZpY2U7aD0yNzA7cT04NTtyb3RhdGU9YXV0bztzcj0xLjI7c3M9MS4yO3c9MzYw/https://s.yimg.com/ob/image/889e66d6-7efa-4a77-a3b6-16143c39381c.jpg,"298,888 ",2015年 鈴木 CARRY 吉利 貨車 車況超優 認證保證保固,['威霸汽車商行'],高雄市,['高雄市左營區翠華路636號'],2015,藍,1500,手排,2,107853,汽油,0,0,0,0,0,0,0,0,0,0,0,0,0,0,1,1,0,0
137,101100573048,MITSUBISHI,DELICA,https://ct.yimg.com/xd/api/res/1.2/Uls9Yk_UVUXXi_KsuPPkKQ--/YXBwaWQ9eXR3YXVjdGlvbnNlcnZpY2U7aD0yNzA7cT04NTtyb3RhdGU9YXV0bztzcj0xLjI7c3M9MS4yO3c9MzYw/https://s.yimg.com/ob/image/5d96c36d-d06e-4097-b27b-9225d7393d40.jpg,"298,000 ",2015年 得利卡 原廠保養 全車保證 三面蓬布 可全額貸款,['SUM龍輝汽車'],新北市,['新北市泰山區新北大道5段358號sum龍輝汽車'],2015,白,2200,手排,2,15000,汽油,0,0,0,0,0,0,0,0,0,0,0,0,0,0,1,1,0,0
138,101088654094,TOYOTA,HIACESOLEMIO,https://ct.yimg.com/xd/api/res/1.2/TCXWuSVQxzB.n6lT6siaZw--/YXBwaWQ9eXR3YXVjdGlvbnNlcnZpY2U7aD0yNzA7cT04NTtyb3RhdGU9YXV0bztzcj0xLjI7c3M9MS4yO3c9MzYw/https://s.yimg.com/ob/image/3663fbbd-acfa-4a20-ab83-ea8ad24b4638.jpg,"298,000 ",一手車2005Toyota/豐田 海力士 Hiace Solemio,['Y1618999698'],台中市,['台中市潭子區崇德路四段327號'],2005,其它顏色,2600,自排,5,200014,汽油,0,0,0,0,0,0,0,0,0,0,0,0,0,0,1,1,0,0
139,101098358537,MITSUBISHI,VERYCA,https://ct.yimg.com/xd/api/res/1.2/0IKIrc9mRMv4imd7cgn1ww--/YXBwaWQ9eXR3YXVjdGlvbnNlcnZpY2U7aD0yNzA7cT04NTtyb3RhdGU9YXV0bztzcj0xLjI7c3M9MS4yO3c9MzYw/https://s.yimg.com/ob/image/5405e668-0f85-4e9e-9253-630578f29ba7.jpg,"289,000 ",菱利 1.3新引擎 一手車 只開7萬公里 里程保證 無事故,['來爾富中古車商行'],台中市,['台中市大里區大智路812號'],2015,藍,1500,手排,2,70000,汽油,0,0,0,0,0,0,0,0,0,0,0,0,0,0,1,1,0,0
140,101118120569,HYUNDAI,GRANDSTAREX,https://ct.yimg.com/xd/api/res/1.2/g0Eq7ZU4LysTye.P_SbDHQ--/YXBwaWQ9eXR3YXVjdGlvbnNlcnZpY2U7aD0yNzA7cT04NTtyb3RhdGU9YXV0bztzcj0xLjI7c3M9MS4yO3c9MzYw/https://s.yimg.com/ob/image/27c9ca31-0263-4d37-933c-c6ad96edc5e0.jpg,"280,000 ",W自售 2015年 STAREX  裡程3萬 車況優 有認證  可全貸,['AA8888AA'],新北市,['新北市五股區新城一路46號'],2015,灰,2200,自手排,5,30000,柴油,1,1,0,1,1,1,1,1,0,0,0,1,0,1,1,0,0,1
141,101126575374,MITSUBISHI,DELICA,https://ct.yimg.com/xd/api/res/1.2/6ae3lROSmQHh0J4W7WEzvg--/YXBwaWQ9eXR3YXVjdGlvbnNlcnZpY2U7aD0yNzA7cT04NTtyb3RhdGU9YXV0bztzcj0xLjI7c3M9MS4yO3c9MzU3/https://s.yimg.com/ob/image/c5e92c7d-30aa-4d5d-8645-b8ef42b69a1e.jpg,"278,000 ",我要賣  2019年   MITSUBISHI   /   DELICA,['只想賣好車!! 感謝支持!!'],新北市,['新北市林口區文化三路一段249巷55號'],2019,藍,2200,手排,2,25688,,1,1,0,1,1,1,1,1,0,0,0,1,0,1,1,0,0,1
142,101078152343,MITSUBISHI,VERYCA,https://ct.yimg.com/xd/api/res/1.2/Y4NxkqzJOeLqUL7uU3zxZQ--/YXBwaWQ9eXR3YXVjdGlvbnNlcnZpY2U7aD0yNzA7cT04NTtyb3RhdGU9YXV0bztzcj0xLjI7c3M9MS4yO3c9MzYw/https://s.yimg.com/ob/image/61920721-b264-46c9-bbed-2327f3393f82.jpg,"269,000 ",2014年式菱利1.3新引擎只開7萬公里里程保證無事故,['來爾富中古車商行'],台中市,['台中市大里區大智路812號'],2013,藍,1500,手排,2,70000,汽油,1,1,0,1,1,1,1,1,0,0,0,1,0,1,1,0,0,1
143,101023271489,MITSUBISHI,DELICA,https://ct.yimg.com/xd/api/res/1.2/myTGX4dexJyXhdNefwF.3g--/YXBwaWQ9eXR3YXVjdGlvbnNlcnZpY2U7aD0yNzA7cT04NTtyb3RhdGU9YXV0bztzcj0xLjI7c3M9MS4yO3c9MzYw/https://s.yimg.com/ob/image/4549fe61-3531-48b3-9569-eda7f78a60fb.jpg,"259,000 ",得利卡 一手車只開10萬公里里程保證無事故,['來爾富中古車商行'],台中市,['台中市大里區大智路812號'],2013,藍,2600,手排,2,100000,汽油,1,1,0,1,1,1,1,1,0,0,0,1,0,1,1,0,0,1
144,101099959768,MAZDA,DELICA,https://ct.yimg.com/xd/api/res/1.2/hOl12t0RzZjooTuz7YdFgQ--/YXBwaWQ9eXR3YXVjdGlvbnNlcnZpY2U7aD0yNzA7cT04NTtyb3RhdGU9YXV0bztzcj0xLjI7c3M9MS4yO3c9MzYw/https://s.yimg.com/ob/image/8174bd47-37fb-45eb-ad99-eea215d1c16c.jpg,"258,000 ",Mazda CX-9 3.7L 成穩深藍，日系進口四輪驅動七人座美車,['鋼鐵傘SUM雙認證中古車'],新北市,['新北市樹林區中正路421號'],2012,藍,4800,手自排,5,98164,汽油,0,1,1,1,1,1,0,0,1,1,0,1,1,1,1,1,1,0
145,101117058565,MITSUBISHI,DELICA,https://ct.yimg.com/xd/api/res/1.2/t0leE10CClgiq57fsKzokg--/YXBwaWQ9eXR3YXVjdGlvbnNlcnZpY2U7aD0yNzA7cT04NTtyb3RhdGU9YXV0bztzcj0xLjI7c3M9MS4yO3c9MzYw/https://s.yimg.com/ob/image/4a1bdaf5-1a1d-4f7e-aeb2-5cb1e656d00f.jpg,"255,000 ",2017 DELICA 2.5噸貨車 原廠保養 里程跑少 原鈑件LIN,['賣好車公司'],新北市,['新北市林口區文化三路一段249巷'],2017,白,2200,手排,2,56700,汽油,0,1,1,1,1,1,0,0,1,1,0,1,1,1,1,1,1,0
146,101120014537,MITSUBISHI,DELICA,https://ct.yimg.com/xd/api/res/1.2/2zYIL8eQBQ5toqbH8rEBSw--/YXBwaWQ9eXR3YXVjdGlvbnNlcnZpY2U7aD0yNzA7cT04NTtyb3RhdGU9YXV0bztzcj0xLjI7c3M9MS4yO3c9MzYw/https://s.yimg.com/ob/image/d5f4f26c-41b9-4663-9ff7-88a5728e24e9.jpg,"230,000 ",2016 三菱 DELICA 跑三萬多 手排貨車 伸降尾門 無事故LIN,['賣好車公司'],新北市,['新北市林口區文化三路一段249巷'],2016,藍,2200,手排,2,37000,汽油,0,1,1,1,1,1,0,0,1,1,0,1,1,1,1,1,1,0
147,101119967463,MITSUBISHI,DELICA,https://ct.yimg.com/xd/api/res/1.2/3CqfwLyNqQaliUEYRcaxFA--/YXBwaWQ9eXR3YXVjdGlvbnNlcnZpY2U7aD0yNzA7cT04NTtyb3RhdGU9YXV0bztzcj0xLjI7c3M9MS4yO3c9MzA2/https://s.yimg.com/ob/image/3fb38302-3082-4e47-93f3-6219f28b1b4d.jpg,"228,000 ",我要賣  2017年   MITSUBISHI   /   DELICA,['只想賣好車!! 感謝支持!!'],新北市,['新北市林口區文化三路一段249巷55號'],2017,銀,2200,手排,5,48409,,0,1,1,1,1,1,0,0,1,1,0,1,1,1,1,1,1,0
148,101112502232,VOLKSWAGEN,POINTER,https://ct.yimg.com/xd/api/res/1.2/9C2hA5MZDQLYZDZIE9Lo0w--/YXBwaWQ9eXR3YXVjdGlvbnNlcnZpY2U7aD0xOTE7cT04NTtyb3RhdGU9YXV0bztzcj0xLjI7c3M9MS4yO3c9MzYw/https://s.yimg.com/ob/image/7122bc76-cbcf-4efb-8fe9-dc21218e13ab.jpg,"228,000 ",*駿紳車業* 07年VW Pointer 1.8L 機械式手排 原汁原味,['駿紳車業'],台北市,['台北市內湖區堤頂大道二段11號(港墘路口)'],2007,灰,1500,手排,2,140000,汽油,0,1,1,1,1,1,0,0,1,1,0,1,1,1,1,1,1,0
149,101082947923,MITSUBISHI,VERYCA,https://ct.yimg.com/xd/api/res/1.2/2_jrF6w9Gx.A_gPRGNTdzQ--/YXBwaWQ9eXR3YXVjdGlvbnNlcnZpY2U7aD0yNzA7cT04NTtyb3RhdGU9YXV0bztzcj0xLjI7c3M9MS4yO3c9MzYw/https://s.yimg.com/ob/image/a155e044-1e29-406d-a249-5a009cbb98a9.jpg,"228,000 ",【大昌汽車】2013型 里程僅11萬公里 1.3新引擎 四輪新胎 三菱 菱利,['大昌優質汽車{北區指標模範店}'],新北市,['新北市三峽區介壽路一段558-2號'],2013,藍,1500,手排,2,110000,汽油,0,1,1,1,1,1,0,0,1,1,0,1,1,1,1,1,1,0
150,101021340825,MITSUBISHI,CANTER,https://ct.yimg.com/xd/api/res/1.2/KfP3m_Q.Hf7Qo9PTfIC0Xw--/YXBwaWQ9eXR3YXVjdGlvbnNlcnZpY2U7aD0yNzA7cT04NTtyb3RhdGU9YXV0bztzcj0xLjI7c3M9MS4yO3c9MzYw/https://s.yimg.com/ob/image/c2188f62-6f14-4d0f-88f8-7bb63f9f8035.jpg,"228,000 ",舉斗堅達 市場稀有 車況一流 歡迎試車,['Y1618999698'],台中市,['台中市潭子區崇德路四段327號'],1997,其它顏色,2600,手排,2,280688,柴油,0,1,1,1,1,1,0,0,1,1,0,1,1,1,1,1,1,0
151,101117061509,MITSUBISHI,DELICA,https://ct.yimg.com/xd/api/res/1.2/47T0orGYgP8YogSi0_2VfA--/YXBwaWQ9eXR3YXVjdGlvbnNlcnZpY2U7aD0yNzA7cT04NTtyb3RhdGU9YXV0bztzcj0xLjI7c3M9MS4yO3c9MzYw/https://s.yimg.com/ob/image/4a7cee12-491c-44d6-b398-ea6045f8ec13.jpg,"225,000 ",2016 中華三菱 DELICA 廂型車 跑4萬多 無事故碰撞 原廠保養LIN,['賣好車公司'],新北市,['新北市林口區文化三路一段249巷55號'],2016,白,2200,手排,5,46500,汽油,0,1,1,1,1,1,0,0,1,1,0,1,1,1,1,1,1,0
152,101123569427,MITSUBISHI,VERYCA,https://ct.yimg.com/xd/api/res/1.2/rphtZ.dkJaNZyK55OYT.9Q--/YXBwaWQ9eXR3YXVjdGlvbnNlcnZpY2U7aD0yNzA7cT04NTtyb3RhdGU9YXV0bztzcj0xLjI7c3M9MS4yO3c9MjAy/https://s.yimg.com/ob/image/ff285228-51f1-4a7e-b633-0a1dd8962e41.jpg,"220,000 ",鋒鉅車業開幕~開幕凌利特惠里程極少價格車況極好~僅此一台~預約賞車要快~,['Y1098992889'],高雄市,['高雄市仁武區仁勇路59號'],2018,綠,1500,手自排,5,50129,汽油,0,1,1,1,1,1,0,0,1,1,0,1,1,1,1,1,1,0
153,101118120939,MITSUBISHI,VARICA,https://ct.yimg.com/xd/api/res/1.2/gtNZOIEgrREmAvkyLv.FfQ--/YXBwaWQ9eXR3YXVjdGlvbnNlcnZpY2U7aD0yNzA7cT04NTtyb3RhdGU9YXV0bztzcj0xLjI7c3M9MS4yO3c9MzYw/https://s.yimg.com/ob/image/9ef8678e-8b23-4fda-8882-6fc9be756a59.jpg,"220,000 ",2012年 威力 VARICA 貨車斗 超低利率貸款 專人強力過件 購車簡單,['Y1023855269'],台南市,['台南市東區裕義路'],2012,藍,1200,手排,2,62352,汽油,0,1,1,1,1,1,0,0,1,1,0,1,1,1,1,1,1,0
154,101116153333,TOYOTA,ZACE,https://ct.yimg.com/xd/api/res/1.2/rQP2g4qJ.ExQ40.mRLuucA--/YXBwaWQ9eXR3YXVjdGlvbnNlcnZpY2U7aD0yNzA7cT04NTtyb3RhdGU9YXV0bztzcj0xLjI7c3M9MS4yO3c9MTgw/https://s.yimg.com/ob/image/31f4f4a2-4003-4915-8996-75e1e8d379c2.jpg,"220,000 ",2006年一手、自用、手排小貨車,['艾達華'],台南市,['台南市歸仁區中正南路一段'],2006,藍,1500,手排,2,52650,汽油,0,1,1,1,1,1,0,0,1,1,0,1,1,1,1,1,1,0
155,101100532767,HYUNDAI,PORTER,https://ct.yimg.com/xd/api/res/1.2/eL6LtrzwA13LX7V6rQQLug--/YXBwaWQ9eXR3YXVjdGlvbnNlcnZpY2U7aD0yNzA7cT04NTtyb3RhdGU9YXV0bztzcj0xLjI7c3M9MS4yO3c9MzYw/https://s.yimg.com/ob/image/d30f66b4-c0b4-428b-9bf2-3754d3ca8fe7.jpg,"218,888 ",2010年 現代 PORTER(小霸王) 2.5柴油貨車 車況優 實跑1x萬公里,['威霸汽車商行'],高雄市,['高雄市左營區翠華路636號'],2010,白,2600,手排,2,129103,柴油,0,1,1,1,1,1,0,0,1,1,0,1,1,1,1,1,1,0
156,101092999021,MITSUBISHI,VERYCA,https://ct.yimg.com/xd/api/res/1.2/CoP6yNus2DPaJ3vgIloi0w--/YXBwaWQ9eXR3YXVjdGlvbnNlcnZpY2U7aD0yNDA7cT04NTtyb3RhdGU9YXV0bztzcj0xLjI7c3M9MS4yO3c9MzYw/https://s.yimg.com/ob/image/40e2d615-d717-454a-acdb-59b28724ceee.jpg,"218,000 ",04年菱利 4WD 百利 得利卡 福斯T4 白鐵斗 鈴木好伙伴 勁哥吉星,['ㄅㄨㄅㄨ車業 [二手嚴選]'],新北市,['新北市新莊區新樹路'],2004,綠,1200,手排,5,146000,汽油,0,1,1,1,1,1,0,0,1,1,0,1,1,1,1,1,1,0
157,101031531852,HYUNDAI,GRANDSTAREX,https://ct.yimg.com/xd/api/res/1.2/QNa8XLCYN2FfUsLOt.mwQQ--/YXBwaWQ9eXR3YXVjdGlvbnNlcnZpY2U7aD0yMzA7cT04NTtyb3RhdGU9YXV0bztzcj0xLjI7c3M9MS4yO3c9MzYw/https://s.yimg.com/ob/image/ab5c13dd-43a5-4fd1-a548-ea33dbc32ab3.jpg,"210,000 ",[歐德義國際] 2014年 Starex  退休書店老闆 託售,['Y0920017720'],新北市,['新北市五股區新城一路60號(和運租車對面)'],2014,黑,2600,手自排,5,55680,柴油,0,0,0,1,0,1,0,0,0,1,1,1,0,1,1,0,0,0
158,101095761433,TOYOTA,ZACE,https://ct.yimg.com/xd/api/res/1.2/nvV4hXC7bR9.Tf55Z9NZbw--/YXBwaWQ9eXR3YXVjdGlvbnNlcnZpY2U7aD0yNzA7cT04NTtyb3RhdGU9YXV0bztzcj0xLjI7c3M9MS4yO3c9MzYw/https://s.yimg.com/ob/image/6a2d317c-2327-48df-a799-ad8c6a3e0e74.jpg,"199,000 ",挑戰全台最美車輛 絕對實車實價  還可以殺價 2013 ZINGER只要19.9,['弘昇汽車'],新北市,['新北市中和區中正路1230號'],2013,銀,2200,自排,5,80000,汽油,0,0,0,1,0,1,0,0,0,1,1,1,0,1,1,0,0,0
159,101082745195,KIA,ZACE,https://ct.yimg.com/xd/api/res/1.2/Va_D6cTYGlU6Q.3XrTFU3A--/YXBwaWQ9eXR3YXVjdGlvbnNlcnZpY2U7aD0yNzA7cT04NTtyb3RhdGU9YXV0bztzcj0xLjI7c3M9MS4yO3c9MzYw/https://s.yimg.com/ob/image/6131ba63-fdf5-404b-a924-9c9c3f616f81.jpg,"199,000 ",卡旺 柴油貨車只跑16萬公里有油壓尾門里程保證無事故,['來爾富中古車商行'],台中市,['台中市大里區大智路812號'],2005,藍,2600,手排,2,160000,柴油,0,0,0,1,0,1,0,0,0,1,1,1,0,1,1,0,0,0
160,100954974549,FORD,ECONOVAN,https://ct.yimg.com/xd/api/res/1.2/xaBwKmIvjNBRShil19ayGg--/YXBwaWQ9eXR3YXVjdGlvbnNlcnZpY2U7aD0yNzA7cT04NTtyb3RhdGU9YXV0bztzcj0xLjI7c3M9MS4yO3c9MzYw/https://s.yimg.com/ob/image/295abb26-1a49-470c-a025-4e90921c112b.jpg,"199,000 ",2013年 載卡多 一手車 保證無事故,['來爾富中古車商行'],台中市,['台中市大里區大智路812號'],2013,藍,2200,手排,2,200000,汽油,0,0,0,1,0,1,0,0,0,1,1,1,0,1,1,0,0,0
161,101098358042,MITSUBISHI,VERYCA,https://ct.yimg.com/xd/api/res/1.2/XD9vBwH5lAyyQAaPfftI6A--/YXBwaWQ9eXR3YXVjdGlvbnNlcnZpY2U7aD0yNzA7cT04NTtyb3RhdGU9YXV0bztzcj0xLjI7c3M9MS4yO3c9MzYw/https://s.yimg.com/ob/image/7f745a6b-4602-46e2-9a9d-38fd8c30ba00.jpg,"199,000 ",菱利 新款日本引擎1.3無事故過只跑12萬,['來爾富中古車商行'],台中市,['台中市大里區大智路812號'],2011,藍,1500,手排,2,120000,汽油,0,0,0,1,0,1,0,0,0,1,1,1,0,1,1,0,0,0
162,101126237102,MITSUBISHI,DELICA,https://ct.yimg.com/xd/api/res/1.2/DnheR0dsDiCQdzNwYFOjOA--/YXBwaWQ9eXR3YXVjdGlvbnNlcnZpY2U7aD0yNzA7cT04NTtyb3RhdGU9YXV0bztzcj0xLjI7c3M9MS4yO3c9MzYw/https://s.yimg.com/ob/image/91744cff-0612-4630-82cb-ec86218959c8.jpg,"198,000 ",自售2012年2.4cc加長型手排廂車只跑9公里引擎讚好開198000元,['Y1198057372'],新北市,['新北市八里區中山路三段1號'],2012,銀,2200,手排,5,90000,汽油,0,0,0,1,0,1,0,0,0,1,1,1,0,1,1,0,0,0
163,101122275801,MITSUBISHI,DELICA,https://ct.yimg.com/xd/api/res/1.2/NMKU_xcsiACJfMlGZxRBow--/YXBwaWQ9eXR3YXVjdGlvbnNlcnZpY2U7aD0yNzA7cT04NTtyb3RhdGU9YXV0bztzcj0xLjI7c3M9MS4yO3c9MzYw/https://s.yimg.com/ob/image/5d5c5655-4853-4043-be1e-b8ac8087f6ff.jpg,"198,000 ",自售2012年2.4c得利卡貨車升降尾門手排引擎讚只跑90000公里198000,['Y3381344067'],新北市,['新北市八里區中山路三段1號'],2012,藍,2200,手排,2,90000,汽油,0,0,0,1,0,1,0,0,0,1,1,1,0,1,1,0,0,0
164,101095304148,MITSUBISHI,VERYCA,https://ct.yimg.com/xd/api/res/1.2/x0ZWfre4fKbEJkYNbpXHGQ--/YXBwaWQ9eXR3YXVjdGlvbnNlcnZpY2U7aD0yNzA7cT04NTtyb3RhdGU9YXV0bztzcj0xLjI7c3M9MS4yO3c9MzYw/https://s.yimg.com/ob/image/922e4e13-2472-4d2b-9554-90bf162d5030.jpg,"198,000 ",2006年中華三菱 自排菱利 VERYCA 小發財車 創業好幫手 購車送三面蓬布,['SUM龍輝汽車'],新北市,['新北市泰山區新北大道5段358號SUM龍輝汽車'],2006,藍,1200,自排,2,150000,汽油,0,0,0,1,0,1,0,0,0,1,1,1,0,1,1,0,0,0
165,101091552662,TOYOTA,ZACE,https://ct.yimg.com/xd/api/res/1.2/4GlDy_zEc2iN5LyF.tI.rw--/YXBwaWQ9eXR3YXVjdGlvbnNlcnZpY2U7aD0yNDA7cT04NTtyb3RhdGU9YXV0bztzcj0xLjI7c3M9MS4yO3c9MzYw/https://s.yimg.com/ob/image/0d5faede-9f11-44ff-92db-2f8446542ca5.jpg,"198,000 ",05年瑞獅 白鐵斗 福斯T4 百利 菱利 吉星4WD  鈴木好伙伴 勁哥,['ㄅㄨㄅㄨ車業 [二手嚴選]'],新北市,['新北市新莊區新樹路'],2005,藍,1500,手排,2,160000,汽油,0,0,0,1,0,1,0,0,0,1,1,1,0,1,1,0,0,0
166,101091925821,MITSUBISHI,VERYCA,https://ct.yimg.com/xd/api/res/1.2/.__Et_ajp16TwU4INIzvXg--/YXBwaWQ9eXR3YXVjdGlvbnNlcnZpY2U7aD0yMDM7cT04NTtyb3RhdGU9YXV0bztzcj0xLjI7c3M9MS4yO3c9MzYw/https://s.yimg.com/ob/image/8f77c31f-7e8b-416a-ae40-33d12e31853f.jpg,"198,000 ",菱利自售2012 1.3小改款我ㄉ跑最少保證公里數,['Y5691510545'],台北市,['台北市文山區木柵路'],2012,藍,1500,手排,2,99000,汽油,0,0,0,1,0,1,0,0,0,1,1,1,0,1,1,0,0,0
167,101122236187,MITSUBISHI,DELICA,https://ct.yimg.com/xd/api/res/1.2/YrwzX2tI9tmZPQ448DDANQ--/YXBwaWQ9eXR3YXVjdGlvbnNlcnZpY2U7aD0yNzA7cT04NTtyb3RhdGU9YXV0bztzcj0xLjI7c3M9MS4yO3c9MzYw/https://s.yimg.com/ob/image/eefa3c8f-0b11-4d07-9a29-cb566cabb303.jpg,"190,000 ",自售2011年2.4c得利卡貨車手排引擎讚只跑90000公里非常好開190000,['Y1071697389'],新北市,['新北市八里區中山路三段1號'],2011,藍,2200,手排,2,90000,汽油,0,0,0,1,0,1,0,0,0,1,1,1,0,1,1,0,0,0
168,101114488765,MITSUBISHI,DELICA,https://ct.yimg.com/xd/api/res/1.2/uCzBMkY7gr.KrETiIE0wPw--/YXBwaWQ9eXR3YXVjdGlvbnNlcnZpY2U7aD0yNzA7cT04NTtyb3RhdGU9YXV0bztzcj0xLjI7c3M9MS4yO3c9MzYw/https://s.yimg.com/ob/image/b4d1bf02-1398-40e6-af25-8920febfe77e.jpg,"188,000 ","2005年得利卡自排,微解封好選擇,三代出遊好選擇跑8萬多公里",['Y9710510937'],台北市,['台北市中山區松江路'],2005,銀,2200,自排,5,81000,,0,0,0,1,0,1,0,0,0,1,1,1,0,1,1,0,0,0
169,100923518469,HYUNDAI,GRANDSTAREX,https://ct.yimg.com/xd/api/res/1.2/6GUte1j9jmSGXXw47UK0Jg--/YXBwaWQ9eXR3YXVjdGlvbnNlcnZpY2U7aD0yNzA7cT04NTtyb3RhdGU9YXV0bztzcj0xLjI7c3M9MS4yO3c9Mjcw/https://s.yimg.com/ob/image/98584627-ba4d-4242-a894-df9699469344.jpg,"185,000 ",2015年 Hyundai/現代 Grand Starex,['Y0821500583'],台北市,['台北市內湖區民權東路六段259號1.2樓'],2015,銀,2600,手自排,5,60000,,0,0,0,1,0,1,0,0,0,1,1,1,0,1,1,0,0,0
170,101114854510,MITSUBISHI,VERYCA,https://ct.yimg.com/xd/api/res/1.2/DUNAqeAGnZDXdB_uegHDhQ--/YXBwaWQ9eXR3YXVjdGlvbnNlcnZpY2U7aD0yNzA7cT04NTtyb3RhdGU9YXV0bztzcj0xLjI7c3M9MS4yO3c9MzYw/https://s.yimg.com/ob/image/68d768b3-6582-4536-883c-3425b02417e3.jpg,"180,000 ",W自售 三菱 VERYCA 貨車 櫃式 裡程跑2萬,['AA8888AA'],新北市,['新北市五股區新城一路46號'],2014,白,1500,自手排,2,20000,汽油,0,0,0,0,0,0,0,0,0,0,0,0,0,0,1,1,0,0
171,101115198468,MITSUBISHI,VERYCA,https://ct.yimg.com/xd/api/res/1.2/h43KtXSCqJC9dZElBr_VAA--/YXBwaWQ9eXR3YXVjdGlvbnNlcnZpY2U7aD0yNzA7cT04NTtyb3RhdGU9YXV0bztzcj0xLjI7c3M9MS4yO3c9MzYw/https://s.yimg.com/ob/image/d8dbea69-88d4-4b23-aab4-b9ef87b7f0af.jpg,"179,000 ",2011 菱利 一手車保證無事故,['來爾富中古車商行'],台中市,['台中市大里區大智路812號'],2011,白,1500,手排,2,200000,汽油,0,0,0,0,0,0,0,0,0,0,0,0,0,0,1,1,0,0
172,101098356612,MITSUBISHI,VERYCA,https://ct.yimg.com/xd/api/res/1.2/DletsZ1nTiaKl9r985ec2A--/YXBwaWQ9eXR3YXVjdGlvbnNlcnZpY2U7aD0yNzA7cT04NTtyb3RhdGU9YXV0bztzcj0xLjI7c3M9MS4yO3c9MzYw/https://s.yimg.com/ob/image/792b876a-f727-4627-b93f-4030a3d2fd7c.jpg,"179,000 ",2010年 菱利 8人座 小客貨車無事故,['來爾富中古車商行'],台中市,['台中市大里區大智路812號'],2010,白,1200,手排,5,160000,汽油,0,0,0,0,0,0,0,0,0,0,0,0,0,0,1,1,0,0
173,101123709995,MITSUBISHI,DELICA,https://ct.yimg.com/xd/api/res/1.2/Iv_NhNC7URp1U7AVDVNZ1g--/YXBwaWQ9eXR3YXVjdGlvbnNlcnZpY2U7aD0yNzA7cT04NTtyb3RhdGU9YXV0bztzcj0xLjI7c3M9MS4yO3c9MzYw/https://s.yimg.com/ob/image/1f5afe65-8dc9-4a08-872e-b6444590352a.jpg,"178,000 ",自售2009年2.4c得利卡貨車升降尾門手排引擎讚只跑12萬公里178000,['Y1198057372'],新北市,['新北市八里區中山路三段1號'],2009,藍,2200,手排,2,120000,汽油,0,0,0,0,0,0,0,0,0,0,0,0,0,0,1,1,0,0
174,101115156746,MITSUBISHI,DELICA,https://ct.yimg.com/xd/api/res/1.2/almhcSYCjVi_35gs3wjXvw--/YXBwaWQ9eXR3YXVjdGlvbnNlcnZpY2U7aD0yNzA7cT04NTtyb3RhdGU9YXV0bztzcj0xLjI7c3M9MS4yO3c9MzQ0/https://s.yimg.com/ob/image/d4129a10-91f9-4caf-936d-e3b84006fa9b.jpg,"178,000 ",限時優惠促銷 2015年 MITSUBISHI / DELICA 頭家起家車,['只想賣好車!! 感謝支持!!'],新北市,['新北市林口區文化三路一段249巷55號'],2015,銀,2200,手排,5,52287,,0,0,0,0,0,0,0,0,0,0,0,0,0,0,1,1,0,0
175,101082777601,MITSUBISHI,DELICA,https://ct.yimg.com/xd/api/res/1.2/holvZ3UUOpMHHmvBQwDZyw--/YXBwaWQ9eXR3YXVjdGlvbnNlcnZpY2U7aD0yNzA7cT04NTtyb3RhdGU9YXV0bztzcj0xLjI7c3M9MS4yO3c9MzYw/https://s.yimg.com/ob/image/ab8a7354-a18f-46d3-83a4-ddb0c75b9e5c.jpg,"169,000 ",得利卡 誠意賣車 實車價格 貨車,['來爾富中古車商行'],台中市,['台中市大里區大智路812號'],2004,白,2200,手排,2,170000,汽油,0,0,0,0,0,0,0,0,0,0,0,0,0,0,1,1,0,0
176,101109202347,MITSUBISHI,VERYCA,https://ct.yimg.com/xd/api/res/1.2/QjgZJpgL_qdSCeMoQRLX3A--/YXBwaWQ9eXR3YXVjdGlvbnNlcnZpY2U7aD0yNzA7cT04NTtyb3RhdGU9YXV0bztzcj0xLjI7c3M9MS4yO3c9MzYw/https://s.yimg.com/ob/image/cb8a9193-58f0-4e35-b60b-519d4e7da42e.jpg,"168,888 ",Mitsubishi 三菱 中華 菱利 veryca 1.3 鐵板 少跑,['Y8741691501'],新北市,['新北市板橋區館前西路269號之1號'],2010,藍,1500,手排,2,106800,汽油,0,0,0,0,0,0,0,0,0,0,0,0,0,0,1,1,0,0
177,101121907045,MITSUBISHI,VERYCA,https://ct.yimg.com/xd/api/res/1.2/09L9Yn_SiZTTm4c.yuEtbw--/YXBwaWQ9eXR3YXVjdGlvbnNlcnZpY2U7aD0yNzA7cT04NTtyb3RhdGU9YXV0bztzcj0xLjI7c3M9MS4yO3c9MzYw/https://s.yimg.com/ob/image/97693584-54a3-43e8-957a-f22852be09ec.jpg,"168,000 ",誠意出售 2018 三菱VERYCA 冷凍車 己認證完成店長推薦,['只想賣好車!! 感謝支持!!'],新北市,['新北市林口區三井購物中心正對面'],2018,白,1500,手排,2,36550,汽油,0,0,0,0,0,0,0,0,0,0,0,0,0,0,1,1,0,0
178,101089997475,MITSUBISHI,VERYCA,https://ct.yimg.com/xd/api/res/1.2/P_DoN9X97jonoqA8FPGrOg--/YXBwaWQ9eXR3YXVjdGlvbnNlcnZpY2U7aD0yNzA7cT04NTtyb3RhdGU9YXV0bztzcj0xLjI7c3M9MS4yO3c9MzYw/https://s.yimg.com/ob/image/1442f9fb-c20a-4419-8f14-d42b2e9f6c51.jpg,"168,000 ",2011年中華菱利2人座貨車手排1.2直售16萬8仟,['Y5807382595'],新北市,['新北市土城區金城路'],2011,白,1200,手排,2,106000,汽油,0,0,0,0,0,0,0,0,0,0,0,0,0,0,1,1,0,0
179,101126769379,FORD,ECONOVAN,https://ct.yimg.com/xd/api/res/1.2/_OOZFj2NUHyAIU7N5NBWzw--/YXBwaWQ9eXR3YXVjdGlvbnNlcnZpY2U7aD0yNzA7cT04NTtyb3RhdGU9YXV0bztzcj0xLjI7c3M9MS4yO3c9MzYw/https://s.yimg.com/ob/image/05c75150-4b07-4509-b8e5-7b40f28d084e.jpg,"168,000 ",自售2010年2.0載卡多手排貨車引擎讚非常好開只跑80000公里168000,['Y3360959676'],新北市,['新北市八里區中山路三段1號'],2010,白,2200,手排,2,80000,汽油,0,0,0,0,0,0,0,0,0,0,0,0,0,0,1,1,0,0
180,101125696789,TOYOTA,ZACE,https://ct.yimg.com/xd/api/res/1.2/oXOPIkLM1aqgkNzPnGoPZw--/YXBwaWQ9eXR3YXVjdGlvbnNlcnZpY2U7aD0yNzA7cT04NTtyb3RhdGU9YXV0bztzcj0xLjI7c3M9MS4yO3c9MzYw/https://s.yimg.com/ob/image/5aabe3f2-2fe1-425b-8e69-5cab5eaca082.jpg,"165,000 ",自售 2004年  ZACE 1.8 手排 貨斗車 車況好 後斗空間大 無待修,['凱勝'],台中市,['台中市神岡區大豐路5段7號 對面 (紅橋檳榔旁)'],2004,藍,1500,手排,2,200000,汽油,0,0,0,0,0,0,0,0,0,0,0,0,0,0,1,1,0,0
181,101126609558,MITSUBISHI,DELICA,https://ct.yimg.com/xd/api/res/1.2/cLGAsAm7GmcroLTROApJQA--/YXBwaWQ9eXR3YXVjdGlvbnNlcnZpY2U7aD0yNzA7cT04NTtyb3RhdGU9YXV0bztzcj0xLjI7c3M9MS4yO3c9MzIw/https://s.yimg.com/ob/image/70b6d424-203c-43c1-9eba-b490e18e03dd.jpg,"160,000 ","好車  台北市售2008年昇降帆布架中華得利卡 ,引擎冷氣況佳",['Y8866085729'],台北市,['台北市內湖區.'],2008,白,2200,手排,2,339000,汽油,0,0,0,0,0,0,0,0,0,0,0,0,0,0,1,1,0,0
182,101122267673,MITSUBISHI,DELICA,https://ct.yimg.com/xd/api/res/1.2/0HzkWjQk43ZtfZ78hJUH0Q--/YXBwaWQ9eXR3YXVjdGlvbnNlcnZpY2U7aD0yNzA7cT04NTtyb3RhdGU9YXV0bztzcj0xLjI7c3M9MS4yO3c9MzYw/https://s.yimg.com/ob/image/2bdf490b-0cbb-42df-b704-352aef2fd8b9.jpg,"160,000 ",自售2005年2.4cc加長型自排廂車只跑130000公里引擎讚好開160000,['Y3381344067'],新北市,['新北市八里區中山路三段1號'],2005,銀,2200,自排,5,130000,汽油,0,0,0,0,0,0,0,0,0,0,0,0,0,0,1,1,0,0
183,101112326835,MITSUBISHI,VERYCA,https://ct.yimg.com/xd/api/res/1.2/WheTQuLUIjknnUG_9fWHPw--/YXBwaWQ9eXR3YXVjdGlvbnNlcnZpY2U7aD0yNzA7cT04NTtyb3RhdGU9YXV0bztzcj0xLjI7c3M9MS4yO3c9MzYw/https://s.yimg.com/ob/image/1a22578c-06a2-432d-a3be-02a646d98174.jpg,"158,000 ",自售2009年1.2cc手排菱利箱車引擎讚實跑9萬公里非常好開158000元,['Y5485710264'],新北市,['新北市八里區中山路三段1號'],2009,銀,1200,手排,5,90000,汽油,0,0,0,0,0,0,0,0,0,0,0,0,0,0,1,1,0,0
184,101116171293,MITSUBISHI,VERYCA,https://ct.yimg.com/xd/api/res/1.2/1LcbcxJ6rn2KfMd3DOIDiA--/YXBwaWQ9eXR3YXVjdGlvbnNlcnZpY2U7aD0yNzA7cT04NTtyb3RhdGU9YXV0bztzcj0xLjI7c3M9MS4yO3c9Mjcx/https://s.yimg.com/ob/image/4dace0f1-3f11-4b26-b053-d86314686146.jpg,"158,000 ",限時優惠促銷  2015年   MITSUBISHI   /   VERYCA,['只想賣好車!! 感謝支持!!'],新北市,['新北市林口區文化三路一段249巷55號'],2015,白,1500,手排,5,52355,,0,0,0,0,0,0,0,0,0,0,0,0,0,0,1,1,0,0
185,101111569565,MITSUBISHI,VERYCA,https://ct.yimg.com/xd/api/res/1.2/4szvW_vSEFQgPKek6r5IhQ--/YXBwaWQ9eXR3YXVjdGlvbnNlcnZpY2U7aD0yNzA7cT04NTtyb3RhdGU9YXV0bztzcj0xLjI7c3M9MS4yO3c9Mjgy/https://s.yimg.com/ob/image/e84cbd5f-c6eb-499e-919d-ad8ab7d3475f.jpg,"158,000 ",限時優惠促銷  2016年 MITSUBISHI / VERYCA 生意好幫手,['只想賣好車!! 感謝支持!!'],新北市,['新北市林口區文化三路一段249巷55號'],2016,銀,1500,手排,5,57475,,0,0,0,0,0,0,0,0,0,0,0,0,0,0,1,1,0,0
186,101110298000,MITSUBISHI,VERYCA,https://ct.yimg.com/xd/api/res/1.2/QS01INiKOaPOexPYhBplew--/YXBwaWQ9eXR3YXVjdGlvbnNlcnZpY2U7aD0yNzA7cT04NTtyb3RhdGU9YXV0bztzcj0xLjI7c3M9MS4yO3c9MzEw/https://s.yimg.com/ob/image/205da4c4-9130-4a4d-ba58-bddfbc7cfd4a.jpg,"158,000 ",限時優惠促銷 2014年   MITSUBISHI   /   VERYCA,['只想賣好車!! 感謝支持!!'],新北市,['新北市林口區文化三路一段249巷55號'],2014,銀,1500,手排,5,52950,,0,0,0,0,0,0,0,0,0,0,0,0,0,0,1,1,0,0
187,101098713153,NISSAN,CABSTAR,https://ct.yimg.com/xd/api/res/1.2/9fm7cfsuHEUwLDRZuMmBhg--/YXBwaWQ9eXR3YXVjdGlvbnNlcnZpY2U7aD0yNzA7cT04NTtyb3RhdGU9YXV0bztzcj0xLjI7c3M9MS4yO3c9MzYw/https://s.yimg.com/ob/image/f02ff0a9-e179-4338-9943-161d8a50b6bc.jpg,"158,000 ",2005年日產勁勇柴油貨車6輪手排3.2L售15萬8,['Y6202060030'],新北市,['新北市土城區金城路'],2005,藍,3300,手排,2,182000,柴油,0,0,0,0,0,0,0,0,0,0,0,0,0,0,1,1,0,0
188,101045492009,MITSUBISHI,DELICA,https://ct.yimg.com/xd/api/res/1.2/OVsTE0aQ1IB1BkzowkTcYw--/YXBwaWQ9eXR3YXVjdGlvbnNlcnZpY2U7aD0yNzA7cT04NTtyb3RhdGU9YXV0bztzcj0xLjI7c3M9MS4yO3c9MzYw/https://s.yimg.com/ob/image/6f84a622-480b-4baa-beb1-69354b382fd9.jpg,"158,000 ",(實車實價)2011年得利卡 廂型車(客貨兩用),['晟昇汽車 優質進口 國產汽車'],新北市,['新北市樹林區中正路441-6號'],2011,綠,2200,手排,5,130000,汽油,0,0,0,0,0,0,0,0,0,0,0,0,0,0,1,1,0,0
189,100972659761,MITSUBISHI,VERYCA,https://ct.yimg.com/xd/api/res/1.2/TyyHURfvXL8bCwtZd_rvQA--/YXBwaWQ9eXR3YXVjdGlvbnNlcnZpY2U7aD0yNTk7cT04NTtyb3RhdGU9YXV0bztzcj0xLjI7c3M9MS4yO3c9MzYw/https://s.yimg.com/ob/image/89812695-77e4-4954-b4ca-91ea5755e592.jpg,"158,000 ",2017  Mitsubishi/三菱  Veryca菱利 只跑4萬KM,['Y6711478607'],新北市,['新北市板橋區民生路'],2016,銀,1500,手排,5,41000,汽油,0,0,0,0,0,0,0,0,0,0,0,0,0,0,1,1,0,0
190,101125799821,HYUNDAI,GRANDSTAREX,https://ct.yimg.com/xd/api/res/1.2/.U92cQOQxCgH.ovtWABh2A--/YXBwaWQ9eXR3YXVjdGlvbnNlcnZpY2U7aD0yMDM7cT04NTtyb3RhdGU9YXV0bztzcj0xLjI7c3M9MS4yO3c9MzYw/https://s.yimg.com/ob/image/56009bd2-ce4b-45bc-bd1b-22dccd7d4549.jpg,"150,000 ",誠意出售 2011 史塔瑞斯 2.5L有滑軌12人座 己認證完成店長推薦,['只想賣好車!! 感謝支持!!'],新北市,['新北市林口區三井購物中心正對面'],2011,黑,2600,手自排,5,152900,柴油,0,0,0,0,0,0,0,0,0,0,0,0,0,0,1,1,0,0
191,101122230722,FORD,ECONOVAN,https://ct.yimg.com/xd/api/res/1.2/eLJJLMFbxvMky9d1rk_RvQ--/YXBwaWQ9eXR3YXVjdGlvbnNlcnZpY2U7aD0yNzA7cT04NTtyb3RhdGU9YXV0bztzcj0xLjI7c3M9MS4yO3c9MzYw/https://s.yimg.com/ob/image/4b112641-7c0d-426d-a6f6-bd28249c5f67.jpg,"150,000 ",自售2009年2.0載卡多車手排箱車引擎讚非常好開只跑80000公里150000,['Y1071697389'],新北市,['新北市八里區中山路三段1號'],2009,藍,2200,手排,5,80000,汽油,0,0,0,0,0,0,0,0,0,0,0,0,0,0,1,1,0,0
192,101118029121,TOYOTA,ZACE,https://ct.yimg.com/xd/api/res/1.2/1NZKC5R7xpUqHmFPkY6MSQ--/YXBwaWQ9eXR3YXVjdGlvbnNlcnZpY2U7aD0yNzA7cT04NTtyb3RhdGU9YXV0bztzcj0xLjI7c3M9MS4yO3c9MzYw/https://s.yimg.com/ob/image/ab2d3cd7-31dd-4b47-9714-469a0ffb74c7.jpg,"150,000 ",2007年 TOYOTA 瑞獅 超低利率貸款 專人強力過件 購車簡單,['Y1023855269'],台南市,['台南市東區裕義路'],2007,銀,1500,自排,5,115639,汽油,0,0,0,0,0,0,0,0,0,0,0,1,0,0,0,1,0,0
193,101114871216,MITSUBISHI,DELICA,https://ct.yimg.com/xd/api/res/1.2/rmDKUK3ng_gS7Cxp3rccBA--/YXBwaWQ9eXR3YXVjdGlvbnNlcnZpY2U7aD0yMTM7cT04NTtyb3RhdGU9YXV0bztzcj0xLjI7c3M9MS4yO3c9MzYw/https://s.yimg.com/ob/image/4aa3f4e4-269b-405c-9561-59372b08aedc.jpg,"150,000 ",空間大 載貨 出遊首選  代標  Delica得利卡,['Y0776969128'],新北市,['新北市板橋區中山路'],2015,藍,2200,手排,2,45000,,0,0,0,0,0,0,0,0,0,0,0,1,0,0,0,1,0,0
194,101114853999,MITSUBISHI,VERYCA,https://ct.yimg.com/xd/api/res/1.2/BZVS7RK_7KfSorZGm0KuAg--/YXBwaWQ9eXR3YXVjdGlvbnNlcnZpY2U7aD0yNzA7cT04NTtyb3RhdGU9YXV0bztzcj0xLjI7c3M9MS4yO3c9MzYw/https://s.yimg.com/ob/image/bbd58e4b-e465-4fb2-8514-35f9c4117cc3.jpg,"150,000 ",W自售 2016  櫃式 跑2萬KM 一手車 車況超優 內裝美 原廠保,['AA8888AA'],新北市,['新北市五股區新城一路46號'],2015,白,1500,自手排,2,10000,汽油,0,0,0,0,0,0,0,1,1,1,1,1,1,1,1,1,1,0
195,101114737526,MITSUBISHI,VERYCA,https://ct.yimg.com/xd/api/res/1.2/cFzlJucuA..6mKmVYwknhA--/YXBwaWQ9eXR3YXVjdGlvbnNlcnZpY2U7aD0yNzA7cT04NTtyb3RhdGU9YXV0bztzcj0xLjI7c3M9MS4yO3c9MzYw/https://s.yimg.com/ob/image/cc50955c-259d-4dbe-8632-d5acf2fde2d9.jpg,"150,000 ",W自售 三菱 2015VERYCA 貨車 箱型 裡程跑3萬,['AA8888AA'],新北市,['新北市五股區新城一路46號'],2015,銀,1500,自手排,5,30000,汽油,0,0,0,0,0,0,0,1,1,0,1,0,1,1,1,1,1,0
196,101118619946,MITSUBISHI,VERYCA,https://ct.yimg.com/xd/api/res/1.2/L0wo8uHqLBoRAcLs7duWVw--/YXBwaWQ9eXR3YXVjdGlvbnNlcnZpY2U7aD0yNzA7cT04NTtyb3RhdGU9YXV0bztzcj0xLjI7c3M9MS4yO3c9MzI3/https://s.yimg.com/ob/image/34372784-4111-46d1-9d1e-48c10e3297c8.jpg,"148,000 ",我要賣  2012年   MITSUBISHI   /   VERYCA,['只想賣好車!! 感謝支持!!'],新北市,['新北市林口區文化三路一段249巷55號'],2012,藍,1500,手排,2,94355,,0,0,0,0,0,0,0,1,1,0,1,0,1,1,1,1,1,0
197,101126773331,MITSUBISHI,DELICA,https://ct.yimg.com/xd/api/res/1.2/08gfZ9IgOPH678S4AQxu7Q--/YXBwaWQ9eXR3YXVjdGlvbnNlcnZpY2U7aD0yNzA7cT04NTtyb3RhdGU9YXV0bztzcj0xLjI7c3M9MS4yO3c9MzYw/https://s.yimg.com/ob/image/3f9a0729-ad13-44e5-a316-70b66f27843b.jpg,"145,000 ",自售2006年2.0c得利卡貨車手排引擎讚只跑90000公里非常好開145000,['Y3360959676'],新北市,['新北市八里區中山路三段1號'],2006,藍,2200,手排,2,90000,汽油,0,0,0,0,0,0,0,1,1,0,1,0,1,1,1,1,1,0
198,101126778184,NISSAN,CABSTAR,https://ct.yimg.com/xd/api/res/1.2/teLFxkEphv5jiGCrOsTE1Q--/YXBwaWQ9eXR3YXVjdGlvbnNlcnZpY2U7aD0yNzA7cT04NTtyb3RhdGU9YXV0bztzcj0xLjI7c3M9MS4yO3c9MzYw/https://s.yimg.com/ob/image/9df75292-ee70-4ebe-a648-c77ea94991e2.jpg,"145,000 ",自售2004年勁勇3.2cc柴油貨車引擎讚升降尾門只跑15萬公里好開145000,['Y3809904841'],新北市,['新北市八里區中山路三段1號'],2004,白,3300,手排,2,150000,柴油,0,0,0,0,0,0,0,1,1,0,1,0,1,1,1,1,1,0
199,101103776650,MITSUBISHI,VERYCA,https://ct.yimg.com/xd/api/res/1.2/xw0BSGEGa0ganbkVhgMdgw--/YXBwaWQ9eXR3YXVjdGlvbnNlcnZpY2U7aD0yNzA7cT04NTtyb3RhdGU9YXV0bztzcj0xLjI7c3M9MS4yO3c9MzYw/https://s.yimg.com/ob/image/e48a957f-4b60-464f-a9c5-147f71d0e8dc.jpg,"140,000 ",售 2010年三菱 VERYCA 1.2 麵包車 跑少.引擎.變速箱.冷氣良好,['凱勝'],台中市,['台中市神岡區大豐路5段7號 對面 (紅橋檳榔旁)'],2010,白,1200,手排,5,140000,汽油,0,0,0,0,0,0,0,1,1,0,1,0,1,1,1,1,1,0
200,101105046481,TOYOTA,HIACESOLEMIO,https://ct.yimg.com/xd/api/res/1.2/fRSDDBUXDHeZM34bLBG9Hw--/YXBwaWQ9eXR3YXVjdGlvbnNlcnZpY2U7aD0yNzA7cT04NTtyb3RhdGU9YXV0bztzcj0xLjI7c3M9MS4yO3c9MzYw/https://s.yimg.com/ob/image/ae9e7915-d6cc-4145-a99e-c1e8d2de2aa6.jpg,"138,000 ",自售2000年Hiace手排2.7cc8人廂車只跑16萬公里引擎讚138000元,['Y7378694885'],新北市,['新北市五股區凌雲路三段24巷1號'],2000,藍,2600,手排,5,160000,汽油,0,0,0,0,0,0,0,1,1,0,1,0,1,1,1,1,1,0
201,101039017296,MITSUBISHI,VARICA,https://ct.yimg.com/xd/api/res/1.2/MG0qxm4edPNRNkPnLnDSsA--/YXBwaWQ9eXR3YXVjdGlvbnNlcnZpY2U7aD0yNzA7cT04NTtyb3RhdGU9YXV0bztzcj0xLjI7c3M9MS4yO3c9MzYw/https://s.yimg.com/ob/image/1a326edb-af9a-4aab-823c-26c58505f11c.jpg,"138,000 ",自售2007年手排威利車貨引擎讚只跑10萬公里白鐵斗好開138000元,['Y6627750033'],新北市,['新北市五股區凌雲路三段24巷1號'],2007,藍,1200,手排,2,100000,汽油,0,0,0,0,0,0,0,1,1,0,1,0,1,1,1,1,1,0
202,101124063728,MITSUBISHI,VERYCA,https://ct.yimg.com/xd/api/res/1.2/0bOxVmJq3u638P87lH_ymw--/YXBwaWQ9eXR3YXVjdGlvbnNlcnZpY2U7aD0yNzA7cT04NTtyb3RhdGU9YXV0bztzcj0xLjI7c3M9MS4yO3c9MzI5/https://s.yimg.com/ob/image/5db6a00d-7372-44df-bae6-e87ff189eeec.jpg,"138,000 ",我要賣  2014年    MITSUBISHI   /   VERYCA,['只想賣好車!! 感謝支持!!'],新北市,['新北市林口區文化三路一段249巷55號'],2014,藍,1500,手排,2,57629,,0,0,0,0,0,0,0,1,1,0,1,0,1,1,1,1,1,0
203,101118672868,MITSUBISHI,VERYCA,https://ct.yimg.com/xd/api/res/1.2/36daOe6333lgX2oQclsH9g--/YXBwaWQ9eXR3YXVjdGlvbnNlcnZpY2U7aD0yNzA7cT04NTtyb3RhdGU9YXV0bztzcj0xLjI7c3M9MS4yO3c9MzYw/https://s.yimg.com/ob/image/e225a2c7-1a30-46ed-ba4c-da945eb60d82.jpg,"135,000 ",★誠心出售2016年 三菱 VERYCA 2人座 車況極佳 里程保證 商用 ★,['Y5675920215'],新北市,['新北市林口區文化三路一段249巷55號'],2016,銀,1500,手排,5,51298,汽油,0,0,0,0,0,0,0,1,1,0,1,0,1,1,1,1,1,0
204,101106929124,MITSUBISHI,VARICA,https://ct.yimg.com/xd/api/res/1.2/NIT1ok9qi.Xe0eVi2KfnZw--/YXBwaWQ9eXR3YXVjdGlvbnNlcnZpY2U7aD0yNzA7cT04NTtyb3RhdGU9YXV0bztzcj0xLjI7c3M9MS4yO3c9MzYw/https://s.yimg.com/ob/image/e5431a5a-432b-4a66-8b04-8792abb65721.jpg,"129,000 ",4WD 威力 只開14萬公里 里程保證 無事故,['來爾富中古車商行'],台中市,['台中市大里區大智路812號'],1999,藍,1200,手排,2,140000,汽油,0,0,0,0,0,0,0,1,1,0,1,0,1,1,1,1,1,0
205,101073776534,TOYOTA,ZACE,https://ct.yimg.com/xd/api/res/1.2/EM1VF2Id8ihZrAR3qWYRgQ--/YXBwaWQ9eXR3YXVjdGlvbnNlcnZpY2U7aD0yNzA7cT04NTtyb3RhdGU9YXV0bztzcj0xLjI7c3M9MS4yO3c9MzYw/https://s.yimg.com/ob/image/8ebc4520-9978-418e-b329-3c800e70f18d.jpg,"128,888 ",2002年 豐田 瑞獅 貨車 1.8 車況超優 實跑15萬公里 認證車,['威霸汽車商行'],高雄市,['高雄市左營區翠華路636號'],2002,藍,1500,手排,2,151549,汽油,0,0,0,0,0,0,0,1,1,0,1,0,1,1,1,1,1,0
206,101116171259,MITSUBISHI,VERYCA,https://ct.yimg.com/xd/api/res/1.2/x9GJkB8VtJ_euSCtjbr5Sw--/YXBwaWQ9eXR3YXVjdGlvbnNlcnZpY2U7aD0yMzI7cT04NTtyb3RhdGU9YXV0bztzcj0xLjI7c3M9MS4yO3c9MzYw/https://s.yimg.com/ob/image/69908370-e0f4-487e-be18-13b1d21b2fc9.jpg,"128,000 ",我要賣  2013年   MITSUBISHI   /   VERYCA,['只想賣好車!! 感謝支持!!'],新北市,['新北市林口區文化三路一段249巷55號'],2013,白,1500,手排,5,98200,,0,0,0,0,0,0,0,1,1,0,1,0,1,1,1,1,1,0
207,101011992640,TOYOTA,ZACE,https://ct.yimg.com/xd/api/res/1.2/HY52.qUpez8Y7sYi.dzFcw--/YXBwaWQ9eXR3YXVjdGlvbnNlcnZpY2U7aD0yNzA7cT04NTtyb3RhdGU9YXV0bztzcj0xLjI7c3M9MS4yO3c9MzYw/https://s.yimg.com/ob/image/0145b17d-ca6c-4704-87c1-3098c8919611.jpg,"119,000 ",瑞獅 客貨兩用車 無事故過 還有保固,['來爾富中古車商行'],台中市,['台中市大里區大智路812號'],2004,銀,1500,自排,5,200000,汽油,0,0,0,0,0,0,0,1,1,0,1,0,1,1,1,1,1,0
208,101122283780,MITSUBISHI,DELICA,https://ct.yimg.com/xd/api/res/1.2/8hcUL5JchM4_F4zuSE2YOQ--/YXBwaWQ9eXR3YXVjdGlvbnNlcnZpY2U7aD0yNzA7cT04NTtyb3RhdGU9YXV0bztzcj0xLjI7c3M9MS4yO3c9MzYw/https://s.yimg.com/ob/image/7c699cc4-d1e3-469f-abdf-26ffaf1ba741.jpg,"118,000 ",自售2005年2.0c得利卡貨車手排引擎讚只跑90000公里非常好開118000,['Y1108880627'],新北市,['新北市八里區中山路三段1號'],2005,藍,2200,手排,2,90000,汽油,0,0,0,0,0,0,0,1,1,0,1,0,1,1,1,1,1,0
209,101119978732,TOYOTA,ZACE,https://ct.yimg.com/xd/api/res/1.2/GZ5Q1Bxj2KtPjH.2OlttNg--/YXBwaWQ9eXR3YXVjdGlvbnNlcnZpY2U7aD0yNzA7cT04NTtyb3RhdGU9YXV0bztzcj0xLjI7c3M9MS4yO3c9MjAz/https://s.yimg.com/ob/image/21c22b22-7e95-45d9-9c1d-7c58aafb8069.jpg,"118,000 ",堅逹 CANTER4 輪有升降尾門好開售118000洽0979-884-133,['Y2311035170'],新北市,['新北市蘆洲區集賢路'],1997,藍,2600,手排,2,180000,柴油,0,0,0,0,0,0,0,1,1,0,1,0,1,1,1,1,1,0
210,101118194964,MITSUBISHI,VARICA,https://ct.yimg.com/xd/api/res/1.2/xiVtwArLfkGlayKGIkd6UQ--/YXBwaWQ9eXR3YXVjdGlvbnNlcnZpY2U7aD0yNzA7cT04NTtyb3RhdGU9YXV0bztzcj0xLjI7c3M9MS4yO3c9MjAz/https://s.yimg.com/ob/image/613ee403-72c2-4412-8c7f-69c49088c5ea.jpg,"118,000 ",堅逹 CANTER4 輪有升降尾門好開售118000洽0979-884-133,['Y6230181662'],新北市,['新北市蘆洲區集賢路'],1997,藍,2600,手排,2,180000,柴油,0,0,0,0,0,0,0,1,1,0,1,0,1,1,1,1,1,0
211,101117051196,MITSUBISHI,CANTER,https://ct.yimg.com/xd/api/res/1.2/JuwvDWrzDxu1GKmahyvcNw--/YXBwaWQ9eXR3YXVjdGlvbnNlcnZpY2U7aD0yNzA7cT04NTtyb3RhdGU9YXV0bztzcj0xLjI7c3M9MS4yO3c9MjAz/https://s.yimg.com/ob/image/b17dcecc-67ab-4f28-aa9f-894bfee8b03b.jpg,"118,000 ",堅逹貨車4 輪 有升降尾門好開售118000洽0979-884-133,['Y7571116385'],新北市,['新北市蘆洲區集賢路'],1997,藍,2600,手排,2,180000,柴油,0,0,0,0,0,0,0,1,1,0,1,0,1,1,1,1,1,0
212,101098340749,FORD,ECONOVAN,https://ct.yimg.com/xd/api/res/1.2/Zkkuf.Al_ekNAbxYTU9Gkw--/YXBwaWQ9eXR3YXVjdGlvbnNlcnZpY2U7aD0yNzA7cT04NTtyb3RhdGU9YXV0bztzcj0xLjI7c3M9MS4yO3c9MjAz/https://s.yimg.com/ob/image/1b2a087e-aec2-4e6f-8fee-1198393bc037.jpg,"118,000 ",堅逹 CANTER4 輪有升降尾門好開售118000洽0979-884-133,['Y8082883913'],新北市,['新北市蘆洲區集賢路'],1997,藍,2600,手排,2,180000,柴油,0,0,0,0,0,0,0,1,1,0,1,0,1,1,1,1,1,0
213,101024611437,MAZDA,ECONOVAN,https://ct.yimg.com/xd/api/res/1.2/pWPUzjtsRB5WWEmXdbuh8g--/YXBwaWQ9eXR3YXVjdGlvbnNlcnZpY2U7aD0yNzA7cT04NTtyb3RhdGU9YXV0bztzcj0xLjI7c3M9MS4yO3c9MzYw/https://s.yimg.com/ob/image/db76d9ab-95b1-4419-ba83-03bb926690c6.jpg,"108,000 ",自售2001年2.0馬自達手排貨箱車引擎讚非常好開只跑80000公里108000,['Y9508239823'],新北市,['新北市八里區中山路三段1號'],2001,藍,2200,手排,2,80000,汽油,0,0,0,0,0,0,0,1,1,0,1,0,1,1,1,1,1,0
214,101122261810,MITSUBISHI,VERYCA,https://ct.yimg.com/xd/api/res/1.2/8qcAixAjygKAkPpXyWYPfg--/YXBwaWQ9eXR3YXVjdGlvbnNlcnZpY2U7aD0yNzA7cT04NTtyb3RhdGU9YXV0bztzcj0xLjI7c3M9MS4yO3c9MzYw/https://s.yimg.com/ob/image/26eaca32-28ac-44e3-893f-63fc98c0b500.jpg,"100,000 ",自售2002年菱利1.2cc貨車引擎讚冷氣冷只跑12萬公里好開100000元,['Y5485710264'],新北市,['新北市八里區中山路三段1號'],2002,藍,1200,手排,2,120000,汽油,0,0,0,0,0,0,0,1,1,0,1,0,1,1,1,1,1,0
215,100972660672,MITSUBISHI,VERYCA,https://ct.yimg.com/xd/api/res/1.2/6VWoUCmCIGGs89YlxLQYXg--/YXBwaWQ9eXR3YXVjdGlvbnNlcnZpY2U7aD0yNzA7cT04NTtyb3RhdGU9YXV0bztzcj0xLjI7c3M9MS4yO3c9MzYw/https://s.yimg.com/ob/image/f44b7872-c8e2-4ce4-8c9b-27d58218d27f.jpg,"98,000 ",2014 三菱  Veryca菱利 只跑2萬km,['Y6711478607'],新北市,['新北市中和區板南路'],2014,白,1500,手排,5,28000,汽油,0,0,0,0,0,0,0,1,1,0,1,0,1,1,1,1,1,0
216,101126782766,MITSUBISHI,,https://ct.yimg.com/xd/api/res/1.2/ASOTK4t3G4Xge4HuwL8Vrw--/YXBwaWQ9eXR3YXVjdGlvbnNlcnZpY2U7aD0yNzA7cT04NTtyb3RhdGU9YXV0bztzcj0xLjI7c3M9MS4yO3c9MzYw/https://s.yimg.com/ob/image/d109ac1d-1f27-4b26-81bb-751f2b851daa.jpg,"98,000 ",自售Freca2006年2.0cc貨車引擎非常讚好開只跑9萬公里98000元,['Y3809904841'],新北市,['新北市八里區中山路三段1號'],2006,藍,2200,手排,2,90000,汽油,0,0,0,0,0,0,0,1,1,0,1,0,1,1,1,1,1,0
217,101124104245,TOYOTA,ZACE,https://ct.yimg.com/xd/api/res/1.2/WycsyuB1SRS6iBqug5.FKQ--/YXBwaWQ9eXR3YXVjdGlvbnNlcnZpY2U7aD0yNzA7cT04NTtyb3RhdGU9YXV0bztzcj0xLjI7c3M9MS4yO3c9MzYw/https://s.yimg.com/ob/image/8b455911-6b2c-4e52-99fa-9e4e65f06614.jpg,"98,000 ",買車送防疫險07年TOYOTA  Zace 里程保證 客貨兩用車 SAVE認證車,['辛巴克汽車'],台中市,['台中市烏日區新興路193號'],2007,銀,1500,手自排,5,200000,汽油,0,0,0,0,0,0,0,1,1,0,1,0,1,1,1,1,1,0
218,101109813362,MITSUBISHI,VARICA,https://ct.yimg.com/xd/api/res/1.2/mRmJG3Ci4Bju5TGJhNHmGQ--/YXBwaWQ9eXR3YXVjdGlvbnNlcnZpY2U7aD0yNzA7cT04NTtyb3RhdGU9YXV0bztzcj0xLjI7c3M9MS4yO3c9MzYw/https://s.yimg.com/ob/image/5acb101e-1ab4-4449-849a-435645a2a74a.jpg,"90,000 ",挑戰全台最美車輛 絕對實車實價  還可以殺價 純跑12萬 只要9萬 VARICA,['弘昇汽車'],新北市,['新北市中和區中正路1230號'],1998,藍,1200,手排,2,100000,汽油,0,0,0,0,0,0,0,1,1,0,1,0,1,1,1,1,1,0
219,101119496117,TOYOTA,ZACE,https://ct.yimg.com/xd/api/res/1.2/wb.4vamFhEedIgLKbDnpeA--/YXBwaWQ9eXR3YXVjdGlvbnNlcnZpY2U7aD0yNzA7cT04NTtyb3RhdGU9YXV0bztzcj0xLjI7c3M9MS4yO3c9MzM3/https://s.yimg.com/ob/image/6d6507af-3943-4722-8eb1-c161089e9f57.jpg,"90,000 ",HH賢 2005年 Toyota/豐田 Zace 1.8CC 僅跑7萬多公里,['AA8888AA'],台北市,['台北市士林區承德路5段'],2005,銀,1500,自排,5,78100,汽油,1,1,1,0,1,1,0,1,1,0,0,1,1,0,1,0,0,0
220,101113181247,MITSUBISHI,CANTER,https://ct.yimg.com/xd/api/res/1.2/4fkvU.SFurZCM5BzmIs.Cw--/YXBwaWQ9eXR3YXVjdGlvbnNlcnZpY2U7aD0yNzA7cT04NTtyb3RhdGU9YXV0bztzcj0xLjI7c3M9MS4yO3c9MzYw/https://s.yimg.com/ob/image/d47d50bc-8a29-4eca-b67b-b7446d156e64.jpg,"90,000 ",挑戰全台最美車輛 絕對實車實價  還可以殺價 VARICA 純跑12萬里程保證,['弘昇汽車'],新北市,['新北市中和區中正路1230號'],1998,藍,1200,手排,2,100000,汽油,1,1,1,0,1,1,0,1,1,0,0,1,1,0,1,0,0,0
221,101118652976,MITSUBISHI,VERYCA,https://ct.yimg.com/xd/api/res/1.2/RdgW0CwEeunFDBgczTqBuw--/YXBwaWQ9eXR3YXVjdGlvbnNlcnZpY2U7aD0yNzA7cT04NTtyb3RhdGU9YXV0bztzcj0xLjI7c3M9MS4yO3c9MzYw/https://s.yimg.com/ob/image/51b522b7-20b5-4224-aa5b-1a61ba7538a5.jpg,"88,000 ",誠意出售 2009 菱利 VERYCA 客貨五人座 己認證完成店長推薦,['只想賣好車!! 感謝支持!!'],新北市,['新北市林口區三井購物中心正對面'],2009,銀,1500,手排,5,150200,汽油,1,1,1,0,1,1,0,1,1,0,0,1,1,0,1,0,0,0
222,100973869872,MITSUBISHI,VERYCA,https://ct.yimg.com/xd/api/res/1.2/q2.jgtxY4pxcgxgj03s1mA--/YXBwaWQ9eXR3YXVjdGlvbnNlcnZpY2U7aD0yNDc7cT04NTtyb3RhdGU9YXV0bztzcj0xLjI7c3M9MS4yO3c9MzYw/https://s.yimg.com/ob/image/fd3772c0-826c-4022-8512-8ab0905824cf.jpg,"88,000 ",2008  Mitsubishi/三菱  Veryca菱利 只跑8萬KM,['Y6711478607'],新北市,['新北市板橋區民生路'],2007,藍,1200,手排,2,88000,汽油,1,1,1,0,1,1,0,1,1,0,0,1,1,0,1,0,0,0
223,100972144506,TOYOTA,HIACESOLEMIO,https://ct.yimg.com/xd/api/res/1.2/93BZi.JSyqfeFqUkAvj58A--/YXBwaWQ9eXR3YXVjdGlvbnNlcnZpY2U7aD0yNzA7cT04NTtyb3RhdGU9YXV0bztzcj0xLjI7c3M9MS4yO3c9MzYw/https://s.yimg.com/ob/image/3727ab8c-5e5e-4f01-bee1-fed416129be6.jpg,"88,000 ",2007 Toyota/豐田  Hiace  只跑8萬KM,['Y6711478607'],新北市,['新北市板橋區民生路'],2006,藍,2600,自排,5,81000,汽油,1,1,1,0,1,1,0,1,1,0,0,1,1,0,1,0,0,0
